x,y,z,us_x,us_y,us_z,us_mag_0,r_x,r_y,r_z
0.011539252,0.027059924,0.020714628,0.003591902,0.05992948,-0.002370281,0.060083796,0.059781535,0.997431651,-0.039449585
0.012345396,0.027146667,0.020336062,0.00424006,0.082555923,-0.002933595,0.082716773,0.051259978,0.998055414,-0.035465541
0.011609447,0.026443671,0.021526562,0.004249955,0.072281825,-0.00346378,0.072489462,0.05862859,0.997135624,-0.047783221
0.011359747,0.02582524,0.020960884,0.004884568,0.080010192,-0.003331261,0.080228344,0.060883324,0.997280865,-0.041522246
0.012139807,0.02679519,0.022126606,0.003924542,0.07354803,-0.004008417,0.073761658,0.05320572,0.99710381,-0.054342829
0.014612018,0.025966669,0.022315105,-0.004629269,-0.173034721,0.009692763,-0.173367801,0.026702009,0.998078766,-0.055908672
0.014611004,0.024280004,0.021769665,-0.006986089,-0.265679348,0.013116263,-0.26609464,0.026254153,0.998439305,-0.049291724
0.011768741,0.024390902,0.02312617,0.004654186,0.083281342,-0.005291146,0.083578942,0.055686109,0.996439291,-0.063307162
0.015504347,0.024978906,0.022848269,-0.003430907,-0.200174871,0.012213938,-0.200576495,0.017105231,0.997997651,-0.060894165
0.017042918,0.023918912,0.024030715,-6.85E-05,-0.066564602,0.00483155,-0.066739754,0.001025826,0.997375593,-0.072393882
0.01414819,0.022928057,0.023435645,0.002046817,0.066732087,-0.004387742,0.066907497,0.030591745,0.997378318,-0.065579232
0.013337241,0.022878783,0.023493981,0.010002558,0.25673926,-0.017025854,0.257497531,0.038845259,0.99705523,-0.066120456
0.013687076,0.022738257,0.023927206,0.009669574,0.273714726,-0.019337911,0.274567308,0.0352175,0.996894815,-0.070430495
0.013909988,0.023454417,0.024223426,0.008639923,0.25952065,-0.019262137,0.260377891,0.033182245,0.996707705,-0.073977623
0.013373361,0.024475567,0.024457784,0.006801797,0.173375605,-0.013428008,0.174027803,0.039084543,0.996252334,-0.077160131
0.013195745,0.024363173,0.024724353,0.004977417,0.121304545,-0.009720304,0.121795122,0.040867129,0.995972117,-0.079808646
0.013471113,0.025948269,0.024916649,0.003118612,0.080357999,-0.00671045,0.080697979,0.038645477,0.995787002,-0.083155113
0.014661598,0.025695274,0.02487741,0.002817632,0.107731808,-0.008927788,0.108137814,0.026055938,0.996245473,-0.082559349
0.015144967,0.024333557,0.024635186,0.00335785,0.161746825,-0.012807106,0.162287807,0.020690712,0.996666523,-0.07891601
0.01330057,0.024550304,0.025250793,0.002180271,0.054478981,-0.004672754,0.05472246,0.039842335,0.995550664,-0.085390063
0.014103822,0.022902511,0.025335569,0.001686381,0.054192194,-0.004616766,0.054414633,0.030991319,0.995912145,-0.084844198
0.01462798,0.022569768,0.024678508,0.007469646,0.291067692,-0.022760531,0.292051774,0.025576445,0.996630453,-0.077933207
0.015506234,0.022648003,0.022728849,-0.004173412,-0.249722733,0.014569746,-0.25018221,0.016681491,0.99816343,-0.058236541
0.017638546,0.023310376,0.022647562,0.002183169,-0.427769192,0.024770038,-0.428491309,-0.005095014,0.998314743,-0.057807562
0.018180052,0.024139717,0.022524819,0.004855854,-0.451098198,0.025771278,-0.451859848,-0.010746372,0.998314411,-0.057033785
0.018073427,0.023533823,0.024461929,-0.000735794,0.076659739,-0.005882965,0.076888661,-0.009569604,0.997022677,-0.076512774
0.019013753,0.027644998,0.021934649,0.009187957,-0.456093489,0.024142369,-0.456824412,-0.020112666,0.998399992,-0.052848246
0.01919855,0.027574364,0.022223435,0.009813725,-0.443712766,0.024847446,-0.44451628,-0.022077314,0.998192385,-0.055897719
0.019731935,0.02766672,0.022243949,0.012112174,-0.434406008,0.024446415,-0.435261889,-0.027827324,0.998033642,-0.056164841
0.020042529,0.027175469,0.021806929,0.013557504,-0.436466339,0.022390221,-0.437250492,-0.031006263,0.998206627,-0.051206852
0.018782597,0.027144991,0.022416219,0.007750709,-0.44133054,0.02551137,-0.442135216,-0.017530177,0.998180023,-0.05770038
0.01898073,0.027732043,0.022811767,0.008498806,-0.429059555,0.026787478,-0.429978954,-0.019765634,0.997861759,-0.06229951
0.020077823,0.026790783,0.021943383,0.013488608,-0.430794945,0.022635609,-0.431600044,-0.031252564,0.998134618,-0.052445798
0.019865852,0.027620407,0.022879113,0.012245283,-0.417793757,0.026355576,-0.418803279,-0.029238746,0.997589507,-0.062930683
0.019503696,0.027064189,0.022903863,0.010514307,-0.416229086,0.026210843,-0.417186062,-0.025202919,0.997706115,-0.062827705
0.020344246,0.028285794,0.02261419,0.014778283,-0.425811902,0.025832385,-0.42685066,-0.03462167,0.997566461,-0.060518554
0.019764764,0.027778415,0.023119489,0.011612473,-0.410775844,0.027021408,-0.411827391,-0.028197429,0.997446632,-0.06561343
0.020011108,0.027188756,0.022950644,0.012354626,-0.402040341,0.025552593,-0.40304095,-0.030653526,0.997517351,-0.063399495
0.020499012,0.02766153,0.022868266,0.006541185,-0.181000127,0.011401902,-0.181476821,-0.036044187,0.997373253,-0.062828422
0.01842189,0.026785769,0.023153851,0.005764623,-0.422388679,0.027645949,-0.423331696,-0.013617273,0.99777239,-0.065305645
0.019175315,0.027586984,0.023415584,0.008848889,-0.404606775,0.027849569,-0.405660626,-0.021813527,0.997402136,-0.068652383
0.018723775,0.02766089,0.023351444,0.007034249,-0.413137843,0.02817411,-0.414157142,-0.016984493,0.997538859,-0.068027586
0.019252863,0.027283538,0.02349305,0.009179655,-0.405628456,0.028165978,-0.406708781,-0.022570586,0.997343738,-0.06925343
0.02065859,0.026816303,0.022716738,0.00638005,-0.170063124,0.010341394,-0.170496674,-0.037420381,0.997457139,-0.06065452
0.018903984,0.027232938,0.023548508,0.007715179,-0.408652294,0.028603434,-0.409724759,-0.018830152,0.997382475,-0.06981134
0.018993059,0.027757589,0.023504147,0.007998415,-0.400997116,0.028034603,-0.40205547,-0.01989381,0.997367643,-0.069728198
0.019476468,0.02718972,0.02364745,0.007276189,-0.291010642,0.020668157,-0.291834387,-0.024932596,0.997177355,-0.070821527
0.017330734,0.026507437,0.023198983,0.000865655,-0.432001426,0.028398763,-0.43293472,-0.001999505,0.997844263,-0.065595946
0.01822638,0.027642701,0.023413727,0.004972565,-0.426131568,0.029340219,-0.42716939,-0.011640733,0.997570466,-0.06868521
0.019519053,0.02705431,0.023772296,0.003239409,-0.127423108,0.009206895,-0.127796358,-0.025348208,0.997079337,-0.072043489
0.020992044,0.027380714,0.023293387,-0.003900567,0.094393813,-0.006359044,0.094688139,-0.041193833,0.99689162,-0.067157764
0.017704913,0.026190352,0.023847278,0.001113561,-0.186752143,0.01351854,-0.187244103,-0.005947107,0.997372631,-0.072197416
0.017788163,0.027171256,0.023585273,0.002952549,-0.426854257,0.030025806,-0.427919179,-0.006899782,0.997511396,-0.070167003
0.017698331,0.027534105,0.023236379,0.002642753,-0.442068531,0.029559066,-0.443063549,-0.005964728,0.997754231,-0.066715183
0.018949548,0.027672421,0.023775924,0.007542364,-0.387592501,0.02820684,-0.388690699,-0.019404539,0.997174621,-0.072568859
0.019655237,0.02738083,0.024070093,-0.001600305,0.059329144,-0.004491468,0.05952043,-0.026886642,0.996786213,-0.075460949
0.019836526,0.02697181,0.02428788,-0.00174567,0.06062862,-0.004710892,0.060836415,-0.02869449,0.99658436,-0.077435395
0.017796159,0.027060406,0.024057828,0.001349359,-0.192921881,0.014529635,-0.193472952,-0.006974405,0.997151689,-0.075099049
0.018185528,0.027405089,0.024051186,0.004261462,-0.380463758,0.028732991,-0.381570984,-0.011168201,0.997098243,-0.075301824
0.017899338,0.027274339,0.02408961,0.001756661,-0.216427982,0.016411098,-0.217056401,-0.008093107,0.99710481,-0.07560753
0.017674325,0.027604694,0.022652168,0.002691302,-0.470145796,0.028505048,-0.471016826,-0.005713812,0.998150745,-0.060518111
0.020749228,0.028423412,0.022133881,0.002219882,-0.056695936,0.003149059,-0.056826698,-0.039064067,0.997698934,-0.055415125
0.018277543,0.027621841,0.021401921,0.006010549,-0.491979982,0.023214926,-0.492564069,-0.012202574,0.998814191,-0.047130774
0.017057961,0.027102316,0.021220598,-0.000444314,-0.492271748,0.022144301,-0.492769765,0.000901666,0.998989351,-0.044938433
0.016529314,0.026955953,0.021101859,-0.003195044,-0.487808555,0.021290313,-0.488283393,0.006543421,0.999027536,-0.04360237
0.017694313,0.027270608,0.022097355,0.002811219,-0.475013558,0.025871547,-0.475725887,-0.005909326,0.998502647,-0.054383308
0.01718533,0.027609265,0.021499958,0.000237473,-0.512889673,0.024739355,-0.513486035,-0.000462472,0.9988386,-0.048179218
0.01748942,0.02746062,0.022186562,0.001804818,-0.483981479,0.026877616,-0.48473058,-0.003723343,0.998454602,-0.055448567
0.016916215,0.027707078,0.021917719,-0.001236902,-0.507910496,0.02681055,-0.508619119,0.002431883,0.998606772,-0.052712431
0.012814511,0.026909655,0.015804084,-0.00276615,-0.059847712,-0.000775375,-0.059916621,0.04616665,0.998849925,0.012940904
0.015020038,0.027728936,0.011291794,0.001680335,0.073488284,0.004533182,0.07364714,0.022816023,0.99784302,0.061552718
0.015319935,0.026372824,0.014278636,-0.000979339,-0.050607908,-0.001471704,-0.050638774,0.019339704,0.999390479,0.029062793
0.014714947,0.026418107,0.016155006,-0.002474888,-0.095969792,-0.000879079,-0.096005723,0.02577855,0.999625742,0.009156522
0.01543916,0.025869208,0.014044405,-0.001036139,-0.057597652,-0.001808559,-0.057635353,0.01797749,0.99934586,0.03137933
0.013850689,0.026018277,0.017409468,-0.005596985,-0.160730543,0.000667004,-0.160829346,0.03480077,0.999385665,-0.004147279
0.014578316,0.024465671,0.0151435,-0.004373905,-0.16390122,-0.003196348,-0.163990724,0.026671661,0.999454212,0.019491031
0.01531353,0.024757676,0.015045031,-0.003051191,-0.159814605,-0.003290443,-0.159877593,0.019084541,0.999606023,0.020581014
0.015657742,0.024843639,0.015215044,-0.00261028,-0.168269842,-0.003168709,-0.168319915,0.015507852,0.999702509,0.018825515
0.015209374,0.024802508,0.017090378,-0.007671404,-0.379981583,0.000290429,-0.380059125,0.020184765,0.999795975,-0.000764168
0.015612909,0.0251741,0.017304502,-0.006961616,-0.434115814,0.001307766,-0.434173599,0.016034177,0.999866907,-0.003012082
0.01594574,0.028148251,0.011681365,0.000862979,0.066637814,0.003848295,0.066754418,0.012927674,0.998253235,0.057648539
0.022631221,0.022179063,0.021116342,0.005657158,-0.101380474,0.004224782,-0.101626044,-0.055666423,0.997583596,-0.041571845
0.023047976,0.021704393,0.022298137,-0.00351828,0.058883615,-0.003146095,0.059072467,-0.059558716,0.99680305,-0.053258226
0.021816269,0.020986592,0.021712486,0.005347375,-0.113901922,0.005371764,-0.114153835,-0.04684359,0.997793212,-0.047057234
0.022500513,0.020293223,0.021743031,0.004157019,-0.077777222,0.003666404,-0.07797448,-0.053312563,0.997470219,-0.047020558
0.022052612,0.019574478,0.021868637,0.004119237,-0.084703338,0.004069847,-0.084901044,-0.048518091,0.997671339,-0.047936355
0.020916823,0.018301668,0.023132907,0.001890936,-0.051220988,0.003063806,-0.051347368,-0.036826339,0.997538733,-0.059668228
0.022006908,0.018753644,0.022102151,0.003640651,-0.076179902,0.003805555,-0.076361732,-0.047676383,0.997618838,-0.04983589
0.020545388,0.020083562,0.022640843,0.003042751,-0.089823702,0.005028182,-0.090015767,-0.033802427,0.997866313,-0.055858908
0.020086058,0.018120445,0.022684321,0.001643971,-0.057199801,0.003164861,-0.057310873,-0.028685155,0.99806193,-0.055222694
0.019640619,0.020291949,0.021920769,0.004288296,-0.172080932,0.008416842,-0.172340013,-0.024882766,0.99849669,-0.048838583
0.020155657,0.018918077,0.022064099,0.002553257,-0.086109496,0.004276304,-0.086253413,-0.029601811,0.998331467,-0.049578377
0.022301687,0.019216277,0.018807747,0.005323805,-0.104557425,0.001847608,-0.104709177,-0.050843728,0.998550732,-0.017645136
0.021400135,0.019293048,0.019153187,0.005129223,-0.121973208,0.002573128,-0.122108122,-0.042005585,0.998895129,-0.021072536
0.020985184,0.017332779,0.02318771,0.002010737,-0.05400419,0.003228636,-0.054137969,-0.037140978,0.997528924,-0.059637182
0.021831315,0.021100558,0.019227721,0.007001567,-0.148488352,0.003300717,-0.14868997,-0.04708836,0.998644034,-0.022198651
0.022421025,0.020632327,0.02016505,0.006858361,-0.12981059,0.004089831,-0.130055961,-0.05273392,0.99811334,-0.031446698
0.022320433,0.020554239,0.018960135,0.006987412,-0.134927756,0.002621811,-0.135133997,-0.051707286,0.998473803,-0.019401567
0.021359405,0.019651422,0.018685006,0.005280322,-0.126330386,0.002088294,-0.126457934,-0.041755564,0.998991376,-0.016513741
0.019297293,0.019854315,0.020798378,0.003480375,-0.162617685,0.00610671,-0.162769519,-0.02138223,0.999067183,-0.037517531
0.019869145,0.01986572,0.019386534,0.004230321,-0.156189272,0.003675692,-0.156289779,-0.027067161,0.999356919,-0.023518441
0.020188879,0.019521067,0.019796291,0.004215506,-0.139784771,0.003845387,-0.139901179,-0.030132029,0.999167932,-0.027486453
0.019685192,0.01787987,0.02027503,0.002190701,-0.088445628,0.002806619,-0.088517261,-0.024748852,0.999190752,-0.031707029
0.020330735,0.019011304,0.01798234,0.003515046,-0.111933976,0.001064005,-0.111994208,-0.031385962,0.999462186,-0.009500538
0.021413729,0.027010089,0.024206022,-0.003232379,0.07078169,-0.005440099,0.071063989,-0.045485467,0.996027533,-0.076552115
0.022212459,0.027571445,0.023307663,-0.003283239,0.060205819,-0.004073461,0.060432718,-0.05432883,0.996245431,-0.067404887
0.021981513,0.026541922,0.024388166,-0.003032813,0.058913006,-0.004619504,0.059171615,-0.051254532,0.995629505,-0.078069597
0.022481034,0.026525311,0.022641473,-0.006724618,0.118425787,-0.00708428,0.11882792,-0.056591226,0.996615839,-0.059617974
0.022324037,0.027965671,0.022238918,-0.003844352,0.068684687,-0.003874014,0.068901184,-0.05579515,0.996857852,-0.056225651
0.022020843,0.025973287,0.022213208,-0.002639306,0.051163365,-0.002811056,0.051308458,-0.051439987,0.997172137,-0.054787379
0.022375699,0.025706284,0.022911508,-0.009941284,0.180153401,-0.011196736,0.180774566,-0.054992714,0.996563866,-0.061937565
0.022748496,0.025730897,0.022930957,-0.010978915,0.185678765,-0.011581228,0.186363261,-0.058911368,0.996327085,-0.062143299
0.023294484,0.026710691,0.02218757,-0.005061136,0.0771931,-0.00425344,0.077475684,-0.065325474,0.996352617,-0.054900321
0.023526399,0.026563726,0.022014987,-0.006196626,0.091221067,-0.004851024,0.091559891,-0.067678389,0.996299426,-0.052981975
0.023417074,0.025788222,0.022570429,-0.008319846,0.125639336,-0.007363135,0.12612961,-0.065962669,0.996112941,-0.05837753
0.024073316,0.024996584,0.020906285,-0.021910774,0.302052539,-0.012294426,0.303095647,-0.072289966,0.996558486,-0.040562859
0.023875861,0.02415853,0.021537747,-0.021229118,0.303879514,-0.014252076,0.304953367,-0.069614309,0.996478632,-0.046735265
0.022062734,0.025285099,0.02319373,-0.009390034,0.181790872,-0.011787137,0.182414447,-0.051476374,0.996581548,-0.064617343
0.021481348,0.026907081,0.022783047,-0.004813315,0.103872286,-0.006396066,0.104180274,-0.046201785,0.997043703,-0.061394209
0.022771148,0.02365393,0.023193916,-0.018263686,0.314377072,-0.02004133,0.315544229,-0.057879955,0.99630113,-0.063513537
0.022086531,0.023336016,0.023096386,-0.009622603,0.189190102,-0.011831484,0.189803775,-0.050697635,0.9967668,-0.062335347
0.022558074,0.024974469,0.023807241,-0.01201365,0.212000365,-0.015062145,0.212874026,-0.056435488,0.99589588,-0.070756143
0.023123723,0.023463588,0.023476558,-0.012379434,0.200923419,-0.01336859,0.201747837,-0.061360924,0.99591362,-0.06626386
0.015836161,0.019218745,0.021308677,-0.001504742,-0.116732805,0.004944011,-0.116847144,0.012877867,0.999021458,-0.042311783
0.016035399,0.017386908,0.021974286,-0.000634553,-0.059137219,0.002841749,-0.059208858,0.010717201,0.998790063,-0.047995337
0.01567631,0.018124064,0.02186117,-0.000946584,-0.066132538,0.003127732,-0.066213226,0.014295996,0.99878139,-0.047237276
0.017623192,0.018745875,0.021875087,0.000460244,-0.097427712,0.0046493,-0.097539668,-0.004718527,0.998852198,-0.047665736
0.016866677,0.019034175,0.022760212,-0.000186968,-0.068859378,0.00389576,-0.068969745,0.002710874,0.998399765,-0.056485054
0.018288136,0.020624748,0.024565294,-0.001180188,0.102915431,-0.007774384,0.103215405,-0.011434223,0.997093709,-0.075321939
0.018390788,0.019280769,0.024978496,-0.000662617,0.053744302,-0.004225342,0.053914215,-0.012290206,0.996848458,-0.078371572
0.018120769,0.019268699,0.025236113,-0.000539828,0.055874639,-0.004534433,0.056060929,-0.009629315,0.996677005,-0.080884016
0.019905951,0.016953141,0.022360435,0.001424405,-0.053391768,0.002753941,-0.053481717,-0.026633498,0.998318143,-0.05149313
0.019178018,0.018864788,0.022745661,0.001436539,-0.07175209,0.004042386,-0.071880226,-0.019985177,0.998217362,-0.056237803
0.01864617,0.020011421,0.02261309,0.002220214,-0.148420516,0.008261401,-0.148666841,-0.014934157,0.998343106,-0.055569895
0.017838327,0.020796752,0.023597891,0.000723423,-0.103674018,0.006839713,-0.10390191,-0.00696256,0.997806656,-0.065828561
0.015239657,0.019461814,0.021808112,-0.001715122,-0.091120238,0.004318728,-0.091238648,0.018798193,0.998702198,-0.047334413
0.015287153,0.01975885,0.021198105,-0.002628435,-0.142796685,0.005923649,-0.142943666,0.018387912,0.998971759,-0.041440442
0.017535081,0.020579368,0.022654669,0.000897018,-0.228296669,0.01287463,-0.228661168,-0.003922913,0.998405942,-0.056304401
0.016577497,0.019844854,0.02466774,0.000553613,0.098704735,-0.007498971,0.098990736,0.005592578,0.997110833,-0.075754276
0.016218171,0.020920629,0.024461057,0.001581905,0.170534247,-0.01274224,0.171016948,0.009249989,0.997177467,-0.074508639
0.017408108,0.021227853,0.024544217,-0.000358069,0.133789389,-0.010139629,0.134173548,-0.002668704,0.997136852,-0.075571002
0.017026275,0.021232951,0.024946295,0.000254034,0.217440681,-0.01736058,0.218132767,0.001164585,0.996827226,-0.079587217
0.01761142,0.020685492,0.025069132,-0.000798768,0.170029444,-0.013709971,0.170583156,-0.00468257,0.996754004,-0.080371191
0.01242047,0.026122293,0.015458215,-0.004105214,-0.082091859,-0.0013554,-0.082205615,0.049938368,0.998616196,0.016487922
0.012866058,0.025777647,0.01314007,0.002654908,0.058836128,0.002407119,0.058945167,0.045040296,0.998150162,0.040836577
0.012979632,0.025265219,0.014433286,-0.003273947,-0.074937423,-0.002032253,-0.075036432,0.043631428,0.998680519,0.027083557
0.011477219,0.023914428,0.015680524,0.005008538,0.085431413,0.001181765,0.085586263,0.058520348,0.998190719,0.013807877
0.011457672,0.023454867,0.015840856,0.007262008,0.124030348,0.001502758,0.124251851,0.058445872,0.998217313,0.01209445
0.013710368,0.026046056,0.012987956,0.002042799,0.056248649,0.002398339,0.056336805,0.036260471,0.998435201,0.042571439
0.013023707,0.024993708,0.012236352,0.006274316,0.145563418,0.007283203,0.145880502,0.043009969,0.997826415,0.049925818
0.01132322,0.023911525,0.016463827,0.007532277,0.12508285,0.000716292,0.125311482,0.060108436,0.998175487,0.00571609
0.011720472,0.02309094,0.016356571,0.003938293,0.070788136,0.000479866,0.070899229,0.05554776,0.998433091,0.006768282
0.013743579,0.027831845,0.020063611,-0.016171157,-0.441128457,0.014494862,-0.44166268,0.036614272,0.998790428,-0.032818852
0.013727854,0.02741205,0.020557148,-0.015256665,-0.41614134,0.015817442,-0.416721216,0.036611203,0.998608479,-0.037956891
0.013934741,0.027518371,0.020690912,-0.015763577,-0.457178226,0.01805449,-0.457806056,0.034432871,0.99862861,-0.039436984
0.013970861,0.027265027,0.020856492,-0.01507594,-0.443419283,0.018250685,-0.444050709,0.033950941,0.998578032,-0.041100452
0.013361316,0.02765541,0.02107518,0.002512349,0.061722033,-0.002696404,0.061831965,0.040631873,0.998222091,-0.043608576
0.01439863,0.027040975,0.021162126,-0.01346732,-0.458963094,0.020345394,-0.459611168,0.029301552,0.998589952,-0.044266535
0.014528765,0.027277943,0.021233145,-0.013222267,-0.471850053,0.0213291,-0.472516911,0.027982632,0.99858871,-0.045139337
0.014382428,0.027143093,0.021432597,-0.013488244,-0.456478542,0.021579245,-0.457187331,0.029502664,0.998449674,-0.047200006
0.014751061,0.027717885,0.02077301,-0.013014721,-0.505225035,0.020441629,-0.505805871,0.025730664,0.998851662,-0.040413981
0.015414381,0.027020143,0.021535797,-0.008850933,-0.479061061,0.023145645,-0.479701533,0.018450917,0.998664855,-0.048250096
0.015507648,0.027599735,0.021115426,-0.009096749,-0.517233076,0.022806403,-0.517815544,0.017567547,0.998875144,-0.044043488
0.015452407,0.027337335,0.021791222,-0.008890859,-0.490381702,0.025117066,-0.491105007,0.018103783,0.998527188,-0.051143983
0.014891785,0.027642811,0.02134846,-0.012340447,-0.509416537,0.023749978,-0.510119159,0.024191302,0.998622632,-0.046557707
0.015538974,0.026180808,0.02278834,-0.00607027,-0.357265867,0.021849814,-0.357984863,0.016956777,0.997991546,-0.061035582
0.014813499,0.027045732,0.022475477,-0.006540001,-0.262574026,0.015328547,-0.263102366,0.024857247,0.997991884,-0.058260771
0.014821443,0.027681654,0.021528268,-0.012768779,-0.510908887,0.024818777,-0.511670699,0.024955072,0.998511128,-0.04850537
0.016791796,0.026869251,0.0227798,-0.001695734,-0.453200286,0.027879394,-0.454060167,0.003734603,0.99810624,-0.06140022
0.016721521,0.02722609,0.022530286,-0.002127205,-0.471762215,0.027870844,-0.472589565,0.004501169,0.998249328,-0.058974735
0.016136346,0.026704174,0.02358849,-0.000932624,-0.086999873,0.006092272,-0.087217908,0.010693038,0.997500113,-0.069851159
0.016456487,0.027505839,0.022219164,-0.003659927,-0.496512938,0.027760929,-0.497301882,0.007359567,0.998413551,-0.055823092
0.014978219,0.027116586,0.023180718,0.001172793,0.050631973,-0.00334023,0.050755583,0.023106673,0.99756459,-0.065810104
0.017029546,0.026913276,0.023403261,-0.000524253,-0.435341961,0.029692203,-0.436353669,0.001201442,0.997681449,-0.068046187
0.016481414,0.0275933,0.022471121,-0.003536803,-0.497439018,0.029187253,-0.498307115,0.007097638,0.998257907,-0.05857282
0.01718914,0.026909515,0.023683308,0.000198474,-0.396756802,0.028246076,-0.397761034,-0.000498977,0.997475288,-0.071012676
0.016655322,0.027476031,0.023052638,-0.002411743,-0.460919027,0.029890308,-0.46189349,0.005221426,0.997890285,-0.064712556
0.016527431,0.027225377,0.023609867,-0.002533991,-0.384586052,0.027169619,-0.385552903,0.006572355,0.997492301,-0.070469238
0.016419357,0.027481562,0.023412589,-0.003534754,-0.455021986,0.031269585,-0.456108857,0.007749804,0.99761708,-0.068557286
0.017289022,0.027440582,0.023890071,0.000699533,-0.443896124,0.032768089,-0.445104488,-0.001571615,0.997285211,-0.07361887
0.016200097,0.025740188,0.023249483,-0.002428156,-0.24432087,0.016061244,-0.24486026,0.009916495,0.997797151,-0.065593511
0.016642457,0.026259879,0.024417017,0.000300582,0.056698401,-0.004449902,0.056873549,0.005285095,0.996920384,-0.078242035
0.0155147,0.026548252,0.024598818,0.001154653,0.066682927,-0.005378555,0.066909453,0.017256944,0.996614448,-0.08038557
0.015622716,0.026739029,0.023725828,0.00085655,0.05287575,-0.003781478,0.053017716,0.016155917,0.997322294,-0.071324807
0.013414988,0.02717787,0.021898586,0.002727795,0.068329472,-0.003572392,0.068477146,0.039835109,0.997843449,-0.052169108
0.0159535,0.026449023,0.021145221,-0.005929521,-0.469331828,0.020589827,-0.469820673,0.012620817,0.998959507,-0.043824864
0.020144176,0.026513802,0.025165238,-0.001698938,0.053217563,-0.004611454,0.053443998,-0.031789132,0.995763137,-0.086285728
0.020339735,0.025687916,0.025008006,-0.003844235,0.11404497,-0.009607243,0.11451346,-0.033570158,0.995908868,-0.083896192
0.020601124,0.026920108,0.024652766,-0.002048419,0.055447212,-0.00452201,0.055669003,-0.036796394,0.996015896,-0.081230295
0.021043446,0.024773097,0.025057014,-0.007440397,0.182658637,-0.015333804,0.183452072,-0.040557716,0.995674974,-0.083584797
0.021776006,0.025419731,0.024946472,-0.003883164,0.079717067,-0.006644932,0.080087732,-0.048486375,0.99537176,-0.082970663
0.021236504,0.024174206,0.024773831,-0.011221004,0.264122789,-0.021258635,0.265214419,-0.042309178,0.995883971,-0.080156407
0.02142798,0.02417719,0.025139255,-0.007450505,0.167531374,-0.014119909,0.168290353,-0.044271729,0.995490059,-0.083902068
0.022009574,0.02404408,0.024515674,-0.012550528,0.248831781,-0.019335218,0.249897222,-0.050222758,0.995736482,-0.077372683
0.022092592,0.023560287,0.02418026,-0.015951465,0.312515272,-0.023081729,0.313772228,-0.05083772,0.995994051,-0.073562053
0.021050608,0.023686476,0.024395656,-0.011773465,0.291777347,-0.022227008,0.292859479,-0.040201755,0.996304944,-0.075896496
0.022111308,0.022848774,0.02459183,-0.008965207,0.176265227,-0.013666335,0.177021394,-0.050644767,0.995728387,-0.0772016
0.021376893,0.023761751,0.022534585,0.006796825,-0.155343396,0.008855798,-0.155743998,-0.043641006,0.997427823,-0.056861245
0.019936059,0.023405597,0.025156774,-0.008408814,0.29237447,-0.024498951,0.293519569,-0.028648223,0.99609873,-0.083466158
0.01978422,0.023635672,0.02344547,0.003231786,-0.118545936,0.00786352,-0.118850403,-0.027192046,0.997438232,-0.066163174
0.018710272,0.025030183,0.025067346,-0.002105173,0.128238505,-0.010808198,0.128710384,-0.016355892,0.996333789,-0.083973003
0.019859487,0.025388341,0.024380753,-0.002500797,0.087578241,-0.006777137,0.087875661,-0.028458354,0.99661544,-0.077121891
0.019815365,0.024605161,0.026273055,-0.001707084,0.06126923,-0.005911011,0.061577372,-0.027722578,0.994995858,-0.095993238
0.019558875,0.024054734,0.024974708,-0.005619793,0.224389104,-0.018505343,0.225221002,-0.02495235,0.996306303,-0.082165265
0.018506929,0.023898834,0.024705729,-0.002051642,0.145301404,-0.011559265,0.145774908,-0.014074041,0.996751813,-0.079295302
0.020578908,0.024193354,0.02549858,-0.006503823,0.182345919,-0.016051116,0.183166515,-0.035507707,0.995519945,-0.087631279
0.018639319,0.023719706,0.024951449,-0.003175717,0.205400489,-0.016831401,0.20611342,-0.015407617,0.996541072,-0.081660869
0.018791582,0.022329055,0.024300497,-0.001490933,0.088785779,-0.006584021,0.089042051,-0.016744144,0.997121904,-0.073942826
0.018778581,0.023351727,0.02554938,-0.004726433,0.280743693,-0.024645384,0.281863008,-0.016768545,0.996028869,-0.087437456
0.019040011,0.021997133,0.024984254,-0.005234998,0.271851634,-0.021977801,0.272788819,-0.019190664,0.99656443,-0.08056709
0.01826773,0.022784855,0.025737578,-0.003390203,0.294487814,-0.026268942,0.295676552,-0.011465919,0.9959796,-0.088843507
0.01870605,0.022058869,0.025529265,-0.00458757,0.288927403,-0.024971829,0.290040829,-0.015816982,0.996161142,-0.086097634
0.019717434,0.021959374,0.025221294,-0.007248669,0.277504669,-0.023093464,0.278558239,-0.026022096,0.996217774,-0.08290354
0.017912695,0.022668762,0.02593972,-0.002200297,0.279539582,-0.025483281,0.280707351,-0.007838401,0.995839906,-0.09078238
0.018507039,0.022981709,0.026248308,-0.002427286,0.17352258,-0.016418186,0.17431447,-0.013924753,0.995457121,-0.094187166
0.019856572,0.021899715,0.025383484,-0.007356597,0.26736106,-0.022675464,0.268421744,-0.027406858,0.996048443,-0.084477002
0.018821942,0.022215951,0.026099699,-0.002772111,0.162283368,-0.014989919,0.162997773,-0.01700705,0.995617091,-0.091963953
0.019676013,0.023298936,0.026250783,-0.00145311,0.055771382,-0.005295554,0.056041069,-0.025929382,0.995187681,-0.094494167
0.020837229,0.021721993,0.024704939,-0.008616612,0.230455315,-0.017927885,0.231312142,-0.037251013,0.996295795,-0.077505161
0.01976867,0.0219307,0.025749475,-0.004357976,0.163631564,-0.014489599,0.164329636,-0.026519722,0.995752004,-0.088173983
0.020398196,0.021105906,0.024835691,-0.005736494,0.175198934,-0.013775234,0.175833248,-0.032624628,0.996392528,-0.078342602
0.021011083,0.02170009,0.024858261,-0.008718394,0.222748434,-0.017670016,0.223618212,-0.038987852,0.996110433,-0.07901868
0.019810097,0.020774677,0.024948914,-0.004075093,0.152399789,-0.012115791,0.152934935,-0.026645925,0.996500823,-0.079221867
0.018610342,0.020024883,0.0252595,-0.001633767,0.111867256,-0.009172762,0.112254584,-0.014554126,0.996549553,-0.081713923
0.020644371,0.021680359,0.022476353,0.008134175,-0.229629568,0.012679842,-0.230123188,-0.035347047,0.997854975,-0.055100236
0.022968736,0.022760896,0.02345678,-0.012712843,0.213356655,-0.014050677,0.214196405,-0.059351338,0.99607953,-0.065597166
0.022088382,0.022594452,0.022876181,-0.00489106,0.096860515,-0.005793804,0.097156832,-0.050341905,0.996950117,-0.059633517
0.023205826,0.02247797,0.022838265,-0.011137542,0.180129723,-0.010692188,0.180790168,-0.061604802,0.996346898,-0.059141423
0.021446103,0.021928061,0.022749255,0.002511124,-0.057539425,0.003344461,-0.057691217,-0.04352697,0.997368878,-0.057971749
0.02264186,0.022012224,0.022600612,-0.004806517,0.086115539,-0.004879802,0.086387505,-0.055639034,0.996851782,-0.056487364
0.021697793,0.021473009,0.023259092,-0.003119115,0.067833634,-0.00427378,0.068039664,-0.045842592,0.996971903,-0.062813072
0.021419639,0.021075279,0.022735883,0.002378802,-0.05531892,0.003180391,-0.055461306,-0.042891192,0.997432691,-0.057344328
0.020838527,0.020935372,0.024940208,-0.004797084,0.129276112,-0.010282739,0.129773109,-0.036965164,0.996170261,-0.079236283
0.021478798,0.022955319,0.024139341,-0.013448773,0.302653459,-0.022087883,0.303756251,-0.044274886,0.996369482,-0.072715813
0.017688908,0.023378,0.024788506,-0.000940109,0.167116473,-0.01336584,0.167652751,-0.005607478,0.996801255,-0.079723357
0.018248098,0.021406103,0.025108898,-0.002639983,0.236683354,-0.019318129,0.237485094,-0.011116417,0.996624043,-0.081344594
0.020729356,0.027549563,0.019122414,0.008099535,-0.209981831,0.004753551,-0.210191742,-0.038534032,0.999001339,-0.02261531
0.020966752,0.027561186,0.019715952,0.007422685,-0.180466789,0.005237871,-0.180695306,-0.041078459,0.998735348,-0.02898731
0.021141894,0.026643796,0.018297935,0.007612634,-0.178726246,0.002437689,-0.178904907,-0.042551285,0.999001367,-0.013625613
0.022887558,0.028867558,0.019305898,-0.003556784,0.056755573,-0.001416891,0.056884562,-0.062526345,0.997732448,-0.02490818
0.022051472,0.028349165,0.020364815,-0.002979114,0.05594848,-0.002031489,0.056064557,-0.053137208,0.997929595,-0.03623481
0.023110608,0.028873414,0.019645784,-0.003815339,0.058602311,-0.001680365,0.058750416,-0.06494148,0.997479094,-0.028601764
0.02128138,0.025806988,0.019396333,0.015563486,-0.356225909,0.008945854,-0.356677934,-0.043634565,0.99873268,-0.02508104
0.022103557,0.028052762,0.021043394,-0.003749803,0.06990691,-0.003043066,0.070073514,-0.053512412,0.997622442,-0.043426767
0.023250992,0.027135128,0.019760799,-0.005802635,0.088729474,-0.002606139,0.088957193,-0.065229515,0.997440135,-0.029296555
0.023499616,0.025420284,0.019886596,-0.003829766,0.057304667,-0.001728578,0.057458506,-0.066652726,0.997322601,-0.030083932
0.018840689,0.026318898,0.01992139,0.008278662,-0.459295667,0.014156242,-0.459588343,-0.018013211,0.999363178,-0.030802005
0.024122875,0.026695946,0.018247146,-0.012359907,0.166169782,-0.00217776,0.166643051,-0.074169951,0.997159985,-0.013068413
0.012117886,0.027427504,0.018967664,0.00387391,0.071794893,-0.001503842,0.071915057,0.05386786,0.998329088,-0.020911358
0.011901491,0.025531376,0.01889535,0.006336134,0.114870905,-0.002270682,0.115067925,0.055064289,0.998287793,-0.019733403
0.011351947,0.025367701,0.01885239,0.008676883,0.142623217,-0.002750044,0.142913376,0.060714279,0.997969686,-0.019242736
0.011261349,0.022588359,0.017586194,0.011058229,0.184191735,-0.001069906,0.184526486,0.059927599,0.998185887,-0.005798117
0.011389056,0.02303132,0.018040076,0.012491362,0.21171946,-0.002220854,0.21209926,0.058893946,0.998209329,-0.010470824
0.010995911,0.024132056,0.017698733,0.008262484,0.129605706,-0.000916173,0.129872041,0.063620189,0.99794925,-0.007054428
0.011218863,0.024573498,0.01884664,0.012932239,0.209527212,-0.003994093,0.209963921,0.061592673,0.997920076,-0.019022756
0.012119422,0.023977062,0.017304074,-0.003887747,-0.074744037,0.000222043,-0.074845407,0.051943698,0.998645608,-0.002966685
0.011414448,0.023539998,0.017318759,0.01055174,0.178700031,-0.000555526,0.179012147,0.058944268,0.998256451,-0.003103288
0.015599903,0.026333902,0.025559468,0.001234252,0.07538897,-0.006835665,0.075708298,0.016302728,0.995782118,-0.09028951
0.014858528,0.027200153,0.025732946,0.001296382,0.05298694,-0.00494749,0.053233205,0.024352889,0.995373853,-0.092939923
0.014162731,0.027160633,0.026130892,0.001593366,0.04993839,-0.004873675,0.05020094,0.031739773,0.994770029,-0.097083343
0.012909154,0.027552046,0.019798694,0.003511234,0.077133802,-0.002307144,0.07724814,0.045453966,0.998519864,-0.02986666
0.017111566,0.025420656,0.026508093,2.24E-05,0.069391323,-0.006923447,0.069735861,0.000321498,0.995059383,-0.099281019
0.016995829,0.025453363,0.025682379,0.00017453,0.113307722,-0.010325154,0.113777322,0.001533963,0.995872635,-0.090748789
0.016797887,0.025076676,0.026427671,0.000334742,0.092787267,-0.009146233,0.093237559,0.003590207,0.995170479,-0.098096015
0.016013162,0.025412569,0.026552223,0.000735454,0.061963441,-0.006210556,0.062278246,0.011809171,0.994945185,-0.099722724
0.017594924,0.024462108,0.026555898,-0.000447727,0.095042877,-0.009435489,0.095511138,-0.00468769,0.995097321,-0.098789411
0.01845579,0.024493961,0.025611455,-0.002600711,0.190180299,-0.017016628,0.190957785,-0.013619296,0.995928496,-0.089111989
0.017187707,0.023605473,0.025101038,-9.98E-05,0.213061057,-0.017767347,0.213800614,-0.000466787,0.996540903,-0.083102411
0.017028961,0.023453549,0.02590088,0.000299371,0.256453803,-0.023465124,0.257525251,0.001162491,0.995839446,-0.091117759
0.016197832,0.023306487,0.02548179,0.002719873,0.280025721,-0.024376274,0.281097857,0.009675894,0.9961859,-0.086718108
0.017712614,0.022843247,0.026270306,-0.001134499,0.194352742,-0.018406772,0.195225727,-0.005811217,0.995528328,-0.094284561
0.01760453,0.019255746,0.015158338,0.000396926,-0.086978805,-0.001596243,-0.086994356,-0.004562668,0.999821236,0.018348808
0.012073211,0.021554126,0.020856926,0.010004357,0.195367655,-0.007578085,0.195770363,0.05110251,0.997942956,-0.038709053
0.012374217,0.022011416,0.020390054,0.006626419,0.136935993,-0.004687407,0.137176337,0.048305847,0.99824792,-0.034170666
0.013456916,0.021565901,0.020960106,-0.003110039,-0.083526619,0.003327358,-0.0836507,0.037178882,0.998516668,-0.039776815
0.011770764,0.021647429,0.019850904,0.010480124,0.192953118,-0.005528692,0.193316593,0.054212232,0.998119793,-0.02859916
0.011800945,0.022000182,0.01954427,0.01177499,0.217240664,-0.005570913,0.217630861,0.054105331,0.998207071,-0.025597991
0.013943361,0.021412987,0.019958042,-0.009013898,-0.279330817,0.008286638,-0.279599041,0.032238658,0.999040681,-0.029637577
0.012975795,0.021238465,0.019265143,-0.005408322,-0.128904084,0.002917937,-0.129050483,0.041908573,0.998865568,-0.022610817
0.012677009,0.02115473,0.018969612,-0.003355789,-0.074694231,0.001467292,-0.074783972,0.044873111,0.998800002,-0.019620401
0.014584219,0.019746225,0.021707188,-0.001742722,-0.06867005,0.003195108,-0.068766428,0.025342629,0.998598479,-0.046463198
0.014582443,0.019780161,0.02126657,-0.002572439,-0.101259694,0.004270256,-0.101382336,0.025373637,0.998790297,-0.042120311
0.014815273,0.019926824,0.020648779,-0.003583381,-0.154940978,0.005592256,-0.155083269,0.023106175,0.99908248,-0.036059701
0.012849814,0.020926695,0.018226421,-0.006523618,-0.151396913,0.001837745,-0.15154854,0.043046391,0.998999478,-0.012126446
0.0150107,0.019377343,0.020816915,-0.002487061,-0.118037705,0.004433348,-0.118147111,0.021050547,0.999073985,-0.037523963
0.012628764,0.020588087,0.018040581,-0.0040376,-0.089416471,0.000915469,-0.089512265,0.045106673,0.998929823,-0.010227306
0.014358208,0.019111438,0.019761367,-0.003003011,-0.109409048,0.002959946,-0.109490269,0.027427191,0.999258184,-0.027033874
0.013867607,0.019205164,0.01877794,-0.003635505,-0.112505223,0.001954742,-0.112580918,0.032292377,0.999327638,-0.017362995
0.012902614,0.019783793,0.018238066,-0.003772837,-0.089665616,0.001086431,-0.089751531,0.042036459,0.999042746,-0.012104878
0.01485167,0.018980894,0.019078406,-0.002734411,-0.121240429,0.002460539,-0.12129622,0.022543254,0.999540047,-0.020285376
0.014542444,0.018745946,0.019342981,-0.002718259,-0.106434764,0.002431702,-0.106497235,0.025524217,0.999413401,-0.022833472
0.013868802,0.018415691,0.020112598,-0.001833468,-0.057201828,0.001733715,-0.057257458,0.032021468,0.999028423,-0.030279287
0.014972144,0.018206455,0.020488471,-0.001896028,-0.089411071,0.00303279,-0.089482581,0.021188792,0.999200847,-0.033892513
0.015185155,0.019091331,0.017884055,-0.002476402,-0.128370181,0.001096843,-0.12839875,0.019286806,0.999777498,-0.008542476
0.013822167,0.018223783,0.019026918,-0.002823483,-0.087014909,0.001709089,-0.08707748,0.032424949,0.999281439,-0.019627227
0.014094832,0.017882591,0.019930802,-0.00151623,-0.051078218,0.001449627,-0.051121275,0.029659475,0.999157754,-0.028356624
0.012378908,0.019438084,0.017024256,-0.002655249,-0.056359617,3.93E-06,-0.05642213,0.047060413,0.998892043,-6.97E-05
0.01174094,0.022146288,0.01748804,0.004943111,0.090050245,-0.000430894,0.090186843,0.05480967,0.998485389,-0.004777794
0.012644935,0.022762533,0.017762341,-0.008729414,-0.189795617,0.001446323,-0.190001765,0.045943858,0.99891502,-0.007612158
0.013307968,0.021404825,0.017677499,-0.010961246,-0.28341193,0.001887604,-0.283630101,0.038646271,0.999230791,-0.00665516
0.013941614,0.020825716,0.018851111,-0.007660136,-0.238655168,0.004389062,-0.238818405,0.032075151,0.999316479,-0.018378239
0.014748221,0.018304806,0.018706586,-0.002356812,-0.100648298,0.001663088,-0.100689623,0.023406702,0.999589574,-0.01651698
0.014903578,0.017602211,0.020414462,-0.001729638,-0.079533333,0.002624726,-0.079595426,0.021730364,0.999219888,-0.03297584
0.01593546,0.017215377,0.020250294,-0.000850553,-0.072824088,0.002278611,-0.072864692,0.011673053,0.999442751,-0.031271815
0.015066547,0.017245285,0.019942367,-0.00161639,-0.080439221,0.002277829,-0.080487698,0.020082445,0.999397712,-0.028300335
0.014477843,0.017318485,0.019362029,-0.001691541,-0.065533502,0.001488624,-0.065572229,0.025796606,0.999409402,-0.022702047
0.015597702,0.016933972,0.018850749,-0.001165277,-0.07816599,0.001383267,-0.078186913,0.014903729,0.999732404,-0.017691798
0.01612762,0.016399963,0.019494847,-0.000610704,-0.062681391,0.001491218,-0.062702101,0.00973977,0.999669708,-0.023782585
0.015595658,0.016595786,0.018341152,-0.001070365,-0.071938555,0.000916251,-0.071952352,0.014876028,0.999808254,-0.012734134
0.016997553,0.02877683,0.010052277,0.000107125,0.067915733,0.005154619,0.068111147,0.001572793,0.997130953,0.075679515
0.018207457,0.029459592,0.009872091,-0.000711543,0.060846358,0.004773056,0.061037428,-0.011657491,0.996869622,0.078198842
0.018124741,0.029933704,0.010120437,-0.000545442,0.050306325,0.003829019,0.050454784,-0.010810513,0.997057584,0.075890099
0.018541325,0.030024001,0.010619784,-0.000784916,0.050786156,0.00358924,0.05091888,-0.015415036,0.997393415,0.070489377
0.018818148,0.029886011,0.010547078,-0.001072348,0.058010947,0.004140125,0.058168381,-0.018435234,0.99729348,0.071174839
0.017612824,0.028718386,0.009703655,-0.000371216,0.072445589,0.005769965,0.072675949,-0.005107829,0.996830303,0.079393051
0.018444866,0.028243359,0.010197911,-0.00150021,0.10630652,0.00785401,0.106606811,-0.014072367,0.997183185,0.073672686
0.019140745,0.029091215,0.010342581,-0.001803021,0.082510341,0.006021921,0.082749446,-0.02178892,0.997110496,0.072772951
0.019567076,0.02766788,0.01104902,-0.003478265,0.133228729,0.008561166,0.133548815,-0.026044894,0.997603225,0.064105145
0.020186087,0.028215196,0.011503094,-0.003151085,0.095584143,0.005708486,0.095806286,-0.032890166,0.997681326,0.059583625
0.018281626,0.028814659,0.01240509,-0.000697298,0.056141146,0.002822733,0.056216388,-0.012403813,0.998661558,0.050211925
0.017562296,0.029215036,0.011658886,-0.000234581,0.051010527,0.002992792,0.051098784,-0.004590743,0.998272821,0.058568759
0.01916025,0.027695749,0.012227326,-0.002175336,0.100090426,0.005163451,0.100247128,-0.021699737,0.998436842,0.051507225
0.01299598,0.025178665,0.011457295,0.006677123,0.153574756,0.008953523,0.153980372,0.043363468,0.997365789,0.058147168
0.012648279,0.025765022,0.008769354,0.004399515,0.092786437,0.0080744,0.093240949,0.047184368,0.995125404,0.086597147
0.012339593,0.02533287,0.008808821,0.004134948,0.081973677,0.007067102,0.082381585,0.050192625,0.995048561,0.085784973
0.012101067,0.02512305,0.010962672,0.007112373,0.13462454,0.00854197,0.135082634,0.052652018,0.99660879,0.063235148
0.012512383,0.027360445,0.00885742,0.004781723,0.096239475,0.008427323,0.09672601,0.049435747,0.994969958,0.087125713
0.011920901,0.025128547,0.009128632,0.003888702,0.071062302,0.00587511,0.071410711,0.054455449,0.99512105,0.082272111
0.011927831,0.023840148,0.012322814,0.010031896,0.186045596,0.00903133,0.186534629,0.053780341,0.997378328,0.048416373
0.011842241,0.026253598,0.011114647,0.005327008,0.094770447,0.005932566,0.095105257,0.056011713,0.996479581,0.062378948
0.011710258,0.026213352,0.011648096,0.005490648,0.095348981,0.005427031,0.095661006,0.057396928,0.996738222,0.056731903
0.011585929,0.026864018,0.009893384,0.005198739,0.0876509,0.006665297,0.088057557,0.059037968,0.995381918,0.075692502
0.011486045,0.026024941,0.011635044,0.005290845,0.088413423,0.005034454,0.088714554,0.059638974,0.996605617,0.056748902
0.011531035,0.023880543,0.012624736,0.008711288,0.150067487,0.006819143,0.150474708,0.057892041,0.997293754,0.045317536
0.011057429,0.024779171,0.011080829,0.003691512,0.058098062,0.003601421,0.058326514,0.063290458,0.996083212,0.061745868
0.011067843,0.025758082,0.011130721,0.004236937,0.066113649,0.004105822,0.066376382,0.063831999,0.99604178,0.061856677
0.010873594,0.025706817,0.010408924,0.003534178,0.053467757,0.003725622,0.053713795,0.065796477,0.995419474,0.069360611
0.011102546,0.026904818,0.011350975,0.00447244,0.069340293,0.004195842,0.069610948,0.06424909,0.996111894,0.060275601
0.01076154,0.026118252,0.010933317,0.003760488,0.055649971,0.003585524,0.055892008,0.067281312,0.995669566,0.064150921
0.011066121,0.026638029,0.012320775,0.003389808,0.052389055,0.002620064,0.052563948,0.064489226,0.996672759,0.049845275
0.010899521,0.02763119,0.010281611,0.00450873,0.067104967,0.004864653,0.067431967,0.066863392,0.995150677,0.072141642
0.011964828,0.028527498,0.011330247,0.003019491,0.053664188,0.00331662,0.053851299,0.056070908,0.99652542,0.061588478
0.011749684,0.028279832,0.011082548,0.00380955,0.065179365,0.004192465,0.065425064,0.058227691,0.996244566,0.064080417
0.011664272,0.029173091,0.010567999,0.003113732,0.051935916,0.003665751,0.052158148,0.059697904,0.995739262,0.070281455
0.021043461,0.028348558,0.010306125,-0.002631,0.062178356,0.004526047,0.062398359,-0.042164569,0.996474217,0.07253471
0.021124931,0.02817416,0.010483886,-0.002935732,0.06808937,0.004815926,0.068322573,-0.042968695,0.996586736,0.07048807
0.021008659,0.027824421,0.010937624,-0.003574731,0.085726571,0.005621012,0.085984996,-0.041573893,0.99699454,0.065372006
0.02096327,0.027753854,0.010411637,-0.003428087,0.083249735,0.00592636,0.083530784,-0.041039803,0.996635382,0.070948215
0.019865815,0.026865469,0.009951298,-0.003909119,0.134459642,0.010141839,0.134898234,-0.02897828,0.996748722,0.075181406
0.01977263,0.026272511,0.009928357,-0.004249319,0.152297321,0.011452083,0.15278639,-0.027812159,0.996799003,0.074954864
0.021816213,0.026917309,0.009593571,-0.002766282,0.055413848,0.004393717,0.055656551,-0.049702724,0.995639282,0.0789434
0.020619968,0.026711455,0.009023994,-0.002736868,0.073845154,0.006290523,0.074163117,-0.036903357,0.995712656,0.084820096
0.018885478,0.026716175,0.008590728,-0.001494793,0.080458839,0.007225786,0.08079648,-0.01850072,0.995821094,0.089431945
0.019025546,0.026647048,0.008413466,-0.001349919,0.06730619,0.006167195,0.067601625,-0.019968739,0.995629755,0.091228508
0.017946005,0.026482599,0.008553267,-0.000821664,0.096163899,0.008653067,0.096555923,-0.008509727,0.995939933,0.089617154
0.019129403,0.025084157,0.009113368,-0.003056643,0.146841137,0.012157996,0.147375301,-0.020740536,0.996375483,0.082496835
0.019992111,0.025937839,0.008369026,-0.001530109,0.050795892,0.004643344,0.051030624,-0.02998414,0.995400186,0.090991319
0.017916748,0.025248654,0.008613843,-0.001047435,0.128887055,0.011365478,0.129391438,-0.008095088,0.996101885,0.087837942
0.017997325,0.025496492,0.008452334,-0.00102672,0.114134412,0.010284749,0.114601458,-0.008959047,0.995924605,0.089743615
0.017351015,0.025145659,0.008335541,-0.000253846,0.116027238,0.010558911,0.116506974,-0.002178804,0.995882341,0.090629003
0.020860419,0.024526639,0.009768792,-0.005892617,0.152172928,0.011487554,0.152719635,-0.03858454,0.996420193,0.075219886
0.018708414,0.024350006,0.009041708,-0.002459225,0.151051658,0.01252369,0.151589888,-0.016222881,0.996449437,0.082615604
0.020126088,0.024520859,0.008757797,-0.003573995,0.115017668,0.00989315,0.11549767,-0.030944301,0.995844054,0.085656706
0.019020896,0.028841358,0.017803513,0.006240079,-0.30460807,0.002611874,-0.304683175,-0.020480551,0.9997535,-0.008572425
0.01791767,0.028898796,0.017557394,0.003615319,-0.427317102,0.002518764,-0.427339818,-0.008460058,0.999946842,-0.005894054
0.018333817,0.028398447,0.017273136,0.004772042,-0.369046585,0.001025027,-0.36907886,-0.012929599,0.999912552,-0.002777258
0.017847572,0.028306836,0.017590297,0.003313181,-0.433308599,0.002692258,-0.433329629,-0.007645868,0.999951469,-0.006212956
0.018483536,0.02848568,0.018521925,0.006775796,-0.465072865,0.007601727,-0.465184337,-0.01456583,0.99976037,-0.016341322
0.017804865,0.028052205,0.017770488,0.003168411,-0.442302171,0.003602252,-0.442328188,-0.007163032,0.999941183,-0.008143845
0.018649586,0.028631318,0.018802077,0.007831628,-0.477567365,0.009273948,-0.477721602,-0.016393706,0.999677141,-0.019412872
0.017718159,0.028418966,0.018365782,0.002940503,-0.470420272,0.006886252,-0.470479861,-0.006250009,0.999873345,-0.014636656
0.01791388,0.027935393,0.018616764,0.003968004,-0.476261332,0.008226077,-0.476348895,-0.008330038,0.999816179,-0.017269017
0.017119948,0.028180482,0.018124178,-0.000110369,-0.456072792,0.005466003,-0.456105559,0.000241981,0.999928159,-0.011984075
0.018233318,0.027596578,0.019007936,0.005634624,-0.480035327,0.010281269,-0.480178476,-0.011734437,0.999701884,-0.021411349
0.017219411,0.028632239,0.018328035,0.000396219,-0.472272517,0.006735453,-0.472320711,-0.000838877,0.999897964,-0.014260337
0.019020375,0.027239006,0.019788418,0.0094601,-0.469991995,0.013958973,-0.470294399,-0.020115272,0.99935699,-0.029681351
0.018109117,0.027185988,0.019767202,0.005017132,-0.484468566,0.014270666,-0.484704668,-0.010350904,0.999512896,-0.029441981
0.018375088,0.027742805,0.020147987,0.006697613,-0.504182781,0.01700925,-0.504514072,-0.013275373,0.999343346,-0.033714123
0.018852266,0.027610265,0.020788651,0.008863718,-0.481731053,0.019549557,-0.48220904,-0.018381484,0.999008756,-0.040541664
0.017927667,0.027135905,0.02056249,0.004120218,-0.490043728,0.018599415,-0.490413876,-0.008401512,0.999245233,-0.037925957
0.01874461,0.028109038,0.020403666,0.008750999,-0.504835838,0.018495148,-0.505250308,-0.017320126,0.999179674,-0.036605911
0.017375048,0.028690221,0.016851874,0.000513442,-0.202630674,-0.000364709,-0.202631653,-0.002533868,0.99999517,0.001799862
0.017984716,0.026731638,0.018351214,0.004108837,-0.45756748,0.006506579,-0.457632185,-0.00897847,0.999858609,-0.014217922
0.018861132,0.027971884,0.021397024,0.008927772,-0.480831236,0.02274921,-0.481451876,-0.018543436,0.998710899,-0.047251265
0.019254526,0.028032206,0.02192015,0.010417656,-0.456278039,0.024181716,-0.457037123,-0.022793896,0.99833912,-0.052909741
0.020248689,0.028229464,0.021991571,0.014618207,-0.434421358,0.023408653,-0.435297109,-0.033582136,0.997988153,-0.053776266
0.019665415,0.029057551,0.018567387,0.004548765,-0.164936243,0.002794735,-0.165022622,-0.027564495,0.999476557,-0.016935463
0.019408772,0.028825726,0.018670037,0.010537205,-0.426416278,0.007684314,-0.426615663,-0.024699526,0.999532637,-0.018012263
0.019447137,0.028230188,0.018910669,0.011139159,-0.446150824,0.009151039,-0.446383669,-0.024954226,0.999478374,-0.020500389
0.019305302,0.028593231,0.01914026,0.010766282,-0.457685355,0.010567471,-0.457933913,-0.023510558,0.999457219,-0.023076412
0.019713966,0.028338321,0.019424288,0.012475193,-0.447294139,0.011676823,-0.447620403,-0.027870028,0.999271114,-0.026086439
0.019700827,0.028055318,0.019451998,0.012480569,-0.451165389,0.011877015,-0.451494226,-0.027642809,0.999271669,-0.026306017
0.019567449,0.028039355,0.019650996,0.012046265,-0.459494521,0.013082662,-0.45983854,-0.026196727,0.999251869,-0.028450555
0.020166256,0.02818748,0.019805946,0.014401327,-0.439842735,0.01328116,-0.440278797,-0.032709563,0.999009578,-0.03016534
0.019606939,0.028460929,0.019942695,0.012351805,-0.461487298,0.014661435,-0.461885323,-0.026742148,0.999138262,-0.031742588
0.019687198,0.028287541,0.020159526,0.01269077,-0.460062875,0.015669994,-0.460504564,-0.027558402,0.999040859,-0.034027879
0.02028966,0.027541073,0.020216828,0.01528051,-0.451534409,0.015534273,-0.452059874,-0.033801961,0.99883762,-0.034363308
0.019826992,0.02746303,0.020595422,0.013173936,-0.456756553,0.017558539,-0.457283723,-0.028809108,0.99884717,-0.038397471
0.019728016,0.028578997,0.020584818,0.012849676,-0.457021643,0.017729223,-0.457545869,-0.028083907,0.998854267,-0.038748514
0.02029857,0.027652882,0.021027902,0.01517453,-0.446599374,0.019282419,-0.447272935,-0.03392678,0.99849407,-0.043111079
0.020466572,0.028017651,0.021219913,0.015884326,-0.442120335,0.02008177,-0.44286113,-0.035867511,0.998327254,-0.045345523
0.020444579,0.028517887,0.021351812,0.015810671,-0.440606052,0.020753282,-0.441377808,-0.035821174,0.998251485,-0.047019313
0.02016991,0.028402636,0.021953877,0.014268705,-0.43425228,0.023265873,-0.435109112,-0.032793396,0.998030765,-0.053471353
0.01872237,0.027935026,0.017125163,0.004294239,-0.251689868,0.000293417,-0.25172667,-0.017059133,0.999853803,-0.001165616
0.019651732,0.016535848,0.020723289,0.001428913,-0.059224338,0.00211031,-0.059279148,-0.024104815,0.999075388,-0.035599526
0.020790532,0.016642485,0.0184262,0.00200989,-0.057241921,0.000776249,-0.057282456,-0.035087355,0.99929237,-0.013551244
0.021235542,0.015986683,0.018722637,0.002040989,-0.05213509,0.000850372,-0.052181954,-0.039112924,0.999101902,-0.016296282
0.02087502,0.015997088,0.020151455,0.002172661,-0.060852748,0.001824319,-0.060918844,-0.035664838,0.998915018,-0.029946714
0.019821376,0.016217658,0.018149735,0.001294299,-0.050401785,0.000547143,-0.050421369,-0.025669643,0.999611583,-0.010851417
0.022173096,0.016588101,0.01968294,0.003329477,-0.0688004,0.001764238,-0.068903505,-0.048320866,0.998503633,-0.02560447
0.019642972,0.017243862,0.018762168,0.001770751,-0.073148293,0.001235629,-0.073180156,-0.024197148,0.999564607,-0.016884761
0.016252961,0.015634403,0.019196751,-0.000449519,-0.053027223,0.001101662,-0.05304057,0.008475012,0.999748355,-0.020770169
0.015869053,0.015792346,0.019587439,-0.000646003,-0.053147809,0.001304054,-0.05316773,0.012150287,0.999625324,-0.024527167
0.016476482,0.01568751,0.0186058,-0.000336742,-0.053032195,0.000803445,-0.053039349,0.00634891,0.999865104,-0.0151481
0.018197808,0.016622979,0.018157059,0.0005461,-0.053767124,0.000589742,-0.053773132,-0.010155635,0.999888285,-0.010967224
0.019285733,0.029287141,0.009387456,-0.001180558,0.05026268,0.004202302,0.050451859,-0.023399685,0.99625031,0.083293299
0.017887058,0.027262213,0.008530649,-0.000554278,0.069424336,0.006316017,0.069713254,-0.00795082,0.995855629,0.09059995
0.01789375,0.027047852,0.008608473,-0.00069098,0.085972968,0.007732068,0.086322729,-0.008004613,0.995948216,0.089571636
0.019235998,0.0273198,0.010336862,-0.003235475,0.14406399,0.010323392,0.14446963,-0.022395536,0.997192214,0.071457177
0.019618077,0.02735623,0.010402655,-0.00371347,0.139775179,0.009921294,0.140176041,-0.026491471,0.997140293,0.070777387
0.016230583,0.023986286,0.009074601,0.001443514,0.15287993,0.012575447,0.153403059,0.00940994,0.996589838,0.081976509
0.016053896,0.023324108,0.008146841,0.001061338,0.094802816,0.008649771,0.095202515,0.01114821,0.99580159,0.090856541
0.016196227,0.023201153,0.008001638,0.000659914,0.067899906,0.006288619,0.068193691,0.009677048,0.995691909,0.092217015
0.017116725,0.023435371,0.008038908,2.45E-05,0.093050369,0.008603028,0.093447225,0.000262245,0.995753154,0.092062955
0.017926335,0.023869397,0.008973919,-0.00121541,0.149865743,0.012468681,0.150388451,-0.008081803,0.996524282,0.082909832
0.016959973,0.02271726,0.009114726,0.000257466,0.138143166,0.011159179,0.138593391,0.001857709,0.996751473,0.080517395
0.017749321,0.023251452,0.010057923,-0.001117683,0.179141824,0.012813827,0.179602997,-0.006223073,0.997432265,0.071345286
0.016545253,0.021975694,0.009196659,0.000691173,0.114108503,0.009053466,0.114469181,0.006038068,0.996849125,0.079090859
0.018850572,0.024125144,0.008137387,-0.001426405,0.080510124,0.007414633,0.080863412,-0.017639683,0.995631047,0.091693294
0.016226979,0.021790581,0.008323203,0.000537683,0.058010627,0.005107075,0.05823748,0.009232592,0.996104677,0.087693961
0.01883908,0.023658104,0.010143502,-0.00326873,0.186645155,0.013241705,0.187142837,-0.017466496,0.997340633,0.070757212
0.019247642,0.023880219,0.00878243,-0.002958501,0.135836188,0.011571788,0.136360291,-0.021696204,0.996156483,0.084861864
0.017150946,0.021762183,0.008129621,-5.20E-06,0.059428604,0.005346867,0.059668652,-8.72E-05,0.99597699,0.08960931
0.016291365,0.021068102,0.009137391,0.000547743,0.064032534,0.005072194,0.064235446,0.00852711,0.996841113,0.078962546
0.018305646,0.021975875,0.00945238,-0.0014826,0.125618668,0.009640813,0.125996798,-0.011766964,0.996998892,0.076516331
0.018134633,0.022066683,0.007964927,-0.000533265,0.052920582,0.004864558,0.053146366,-0.010033896,0.995751643,0.09153134
0.019765511,0.023884108,0.008584332,-0.003199655,0.117901382,0.010285969,0.118392461,-0.027025832,0.995852109,0.086880267
0.017756874,0.021384297,0.008927397,-0.000528846,0.085328319,0.006961347,0.085613445,-0.006177142,0.996669606,0.081311377
0.020188417,0.023635283,0.009196994,-0.004511185,0.143519049,0.011581431,0.144056231,-0.031315442,0.996271024,0.080395207
0.019922057,0.022776736,0.009817878,-0.004332224,0.152370263,0.011220073,0.152844219,-0.02834405,0.996899092,0.073408554
0.019252315,0.022309048,0.008540847,-0.002287427,0.1064953,0.009189054,0.106915481,-0.021394725,0.996069976,0.085946896
0.019619254,0.022477416,0.008596679,-0.002798065,0.110780562,0.009512153,0.111223393,-0.025157163,0.996018545,0.085522952
0.020352395,0.02346327,0.008625324,-0.002787431,0.084298909,0.007286942,0.084659172,-0.032925328,0.995744552,0.08607386
0.020145882,0.022471868,0.008851984,-0.003580755,0.116918541,0.009734257,0.117377693,-0.030506265,0.996088253,0.082931061
0.018692683,0.020332929,0.010637112,-0.001205699,0.077932432,0.004961655,0.078099524,-0.015437982,0.997860521,0.063529905
0.01880699,0.02086219,0.008404542,-0.000976,0.058443327,0.005049561,0.058669184,-0.016635648,0.996150336,0.086068366
0.020618785,0.022541827,0.008907987,-0.003109232,0.087649828,0.007252561,0.088004314,-0.035330444,0.995971945,0.08241143
0.020348329,0.021146663,0.009445051,-0.003115093,0.096578605,0.007357372,0.096908522,-0.032144675,0.996595581,0.075920793
0.020312516,0.021344695,0.008744584,-0.00209919,0.065686197,0.005477794,0.065947625,-0.031831166,0.996035817,0.0830628
0.021168955,0.021554316,0.009592539,-0.003594015,0.08835438,0.006626926,0.088675417,-0.040530009,0.99637964,0.074732396
0.020459216,0.022608222,0.010138298,-0.005215517,0.153995114,0.010816382,0.154462587,-0.033765569,0.99697355,0.070025903
0.022227833,0.015037421,0.014618279,0.002444684,-0.050718712,-0.001153193,-0.050790689,-0.048132518,0.998582872,0.022704819
0.020803662,0.028681932,0.01292027,-0.002251629,0.05649282,0.002519491,0.056593784,-0.039785804,0.998215989,0.044518858
0.02130476,0.029017124,0.013126188,-0.00289102,0.063570045,0.002702487,0.063693109,-0.045389841,0.99806787,0.042429817
0.020683037,0.028880611,0.011076531,-0.002549579,0.066004514,0.004277699,0.066192107,-0.038517878,0.997165942,0.064625518
0.020668346,0.028208198,0.011306612,-0.003167043,0.082935215,0.005129167,0.083154004,-0.03808648,0.997368868,0.061682744
0.020594655,0.028653204,0.010722483,-0.002780347,0.074004554,0.005069438,0.074230072,-0.037455807,0.996961909,0.068293587
0.021483937,0.028075839,0.012175499,-0.003958706,0.084313041,0.004414664,0.084521296,-0.046836785,0.997536064,0.052231384
0.022425149,0.028772656,0.012947785,-0.004052065,0.070391165,0.003121334,0.070576753,-0.057413595,0.997370409,0.044226088
0.022106025,0.028766664,0.011713743,-0.003230438,0.059729919,0.003451538,0.059916709,-0.05391547,0.996882499,0.057605604
0.013163057,0.024325982,0.018928586,-0.008783558,-0.212387577,0.004219086,-0.212610993,0.04131281,0.998949178,-0.019844158
0.014575897,0.024571315,0.019131325,-0.012264421,-0.458640671,0.010103058,-0.458915846,0.026724772,0.999400382,-0.022015057
0.013740315,0.024673803,0.020495746,-0.008668672,-0.244290468,0.008863759,-0.244604875,0.035439491,0.998714633,-0.036237049
0.012500223,0.025941068,0.019509342,0.002605024,0.053089272,-0.001398531,0.053171542,0.048992828,0.99845275,-0.026302253
0.015042948,0.025181672,0.020321343,-0.010073785,-0.457601006,0.015854999,-0.4579864,0.021995816,0.999158503,-0.03461893
0.01602532,0.024509702,0.021879977,-0.005363892,-0.461172824,0.023351726,-0.461794812,0.011615315,0.998653108,-0.050567319
0.01608428,0.024037637,0.021402737,-0.005051444,-0.460765921,0.020938448,-0.461269086,0.010951188,0.998909173,-0.04539313
0.017024485,0.025025729,0.019785056,-0.000543875,-0.440948575,0.012777393,-0.441133997,0.001232903,0.99957967,-0.028964879
0.016179806,0.026338859,0.019892432,-0.004751531,-0.465064202,0.014194119,-0.46530502,0.010211648,0.99948245,-0.030504977
0.013826013,0.022925789,0.019275939,-0.013281707,-0.390962691,0.009046235,-0.391292811,0.033943142,0.999156335,-0.023118837
0.015437155,0.022784228,0.019380843,-0.006966351,-0.399398904,0.009656637,-0.399576357,0.017434342,0.999555897,-0.024167188
0.016628029,0.026910914,0.018489305,-0.002506062,-0.456280474,0.007173623,-0.456343744,0.00549161,0.999861356,-0.01571978
0.017657397,0.026108284,0.018993266,0.0024936,-0.457169069,0.009566195,-0.457275943,-0.005453163,0.999766282,-0.020919962
0.016036999,0.025399953,0.019276399,-0.005211123,-0.448575064,0.010651365,-0.448731764,0.011613003,0.999650795,-0.023736596
0.014381622,0.026333612,0.018596113,-0.012816412,-0.437373308,0.007330083,-0.437622441,0.029286461,0.999430712,-0.016749789
0.012848237,0.026949499,0.019038448,0.002520561,0.054939152,-0.001186447,0.055009738,0.045820272,0.99871684,-0.02156795
0.01648459,0.026904183,0.020493161,-0.003423311,-0.487388435,0.018092008,-0.487736123,0.007018776,0.999287138,-0.037093845
0.016867694,0.028191697,0.018778326,-0.001458989,-0.490673598,0.009356912,-0.490764975,0.002972888,0.999813808,-0.019065974
0.016366905,0.027496038,0.019110784,-0.004000026,-0.480009119,0.010800161,-0.480147267,0.008330832,0.99971228,-0.022493433
0.016469428,0.027341636,0.019504715,-0.003529545,-0.488895496,0.013048243,-0.489082325,0.007216669,0.999618002,-0.026679031
0.017247623,0.027734028,0.020153826,0.000602017,-0.530496754,0.017928668,-0.530799968,-0.001134169,0.999428761,-0.033776693
0.016856551,0.027435267,0.020090325,-0.001561869,-0.50892435,0.016797329,-0.509203873,0.003067277,0.99945106,-0.032987435
0.017120842,0.027700199,0.020485463,-0.000122912,-0.531816871,0.019866365,-0.532187816,0.000230957,0.99930298,-0.037329613
0.017266929,0.025704946,0.021587679,0.000593771,-0.45184558,0.021775182,-0.452370356,-0.001312578,0.998839941,-0.048135741
0.017236669,0.026337294,0.022065571,0.000456048,-0.455266816,0.024396789,-0.455920262,-0.001000281,0.998566754,-0.053511088
0.016321043,0.027890518,0.020591056,-0.004764889,-0.537574001,0.02073532,-0.537994855,0.008856756,0.999217736,-0.038541856
0.017883232,0.025154091,0.022134569,0.003437298,-0.442531305,0.023740265,-0.443180969,-0.007755969,0.998534089,-0.053567881
0.01866469,0.025971834,0.02006154,0.007306819,-0.453908702,0.014611526,-0.454202594,-0.016087136,0.99935295,-0.032169622
0.019482696,0.024563566,0.020483283,0.01043219,-0.427830308,0.015449879,-0.428236268,-0.024360827,0.999052017,-0.036077932
0.020230308,0.024957197,0.019870803,0.014267504,-0.441641873,0.013184484,-0.442068927,-0.032274387,0.999033965,-0.029824498
0.015172753,0.027553644,0.019267129,-0.009738098,-0.459778322,0.0111244,-0.460015966,0.021169043,0.999483402,-0.024182639
0.015293219,0.027904021,0.019494196,-0.009488931,-0.475403765,0.012711203,-0.475668324,0.019948629,0.999443817,-0.026722829
0.015331976,0.028221827,0.01946043,-0.00933962,-0.476301286,0.012604838,-0.476559572,0.019598012,0.99945802,-0.026449659
0.014526844,0.027472081,0.019699765,-0.012783867,-0.454921326,0.013111884,-0.455289756,0.02807853,0.99919078,-0.028798986
0.014200172,0.026731813,0.020113461,-0.013967715,-0.445374992,0.014699459,-0.445836354,0.031329241,0.998965176,-0.032970526
0.015134198,0.026964091,0.020288844,-0.010145162,-0.472779482,0.016528721,-0.473177093,0.021440518,0.999159699,-0.034931364
0.016022125,0.027333824,0.020147722,-0.005982006,-0.497768131,0.016717746,-0.498084711,0.012010017,0.999364405,-0.033564062
0.016206166,0.028073682,0.019835746,-0.005430536,-0.536426039,0.016350454,-0.53670264,0.010118333,0.99948463,-0.030464642
0.01602054,0.027272219,0.020955885,-0.006041786,-0.502363913,0.02121371,-0.502847915,0.012015135,0.999037478,-0.042187129
0.022682628,0.022697408,0.014403275,-0.007070013,0.124862803,0.00333563,0.125107278,-0.056511601,0.998045875,0.026662156
0.022920579,0.022853222,0.013372533,-0.006626126,0.112025641,0.004179449,0.112299232,-0.059004199,0.997563729,0.037217078
0.022431314,0.024537332,0.012385217,-0.010816443,0.1963423,0.009472764,0.196868046,-0.054942605,0.997329451,0.048117326
0.020403963,0.02388183,0.012191316,-0.006972987,0.206651712,0.010317076,0.207026555,-0.033681607,0.998189394,0.049834556
0.022042094,0.021818353,0.013181902,-0.005456363,0.109940586,0.00427095,0.110158728,-0.049531825,0.998019748,0.038770877
0.021721726,0.021887267,0.013028935,-0.00527304,0.113600286,0.00459234,0.113815287,-0.046329808,0.998110967,0.040349064
0.022416048,0.024660636,0.011256076,-0.007754321,0.140984182,0.00847094,0.141451143,-0.054819784,0.996698781,0.059885981
0.022335498,0.023439419,0.011591311,-0.008765085,0.163894228,0.009157821,0.164383729,-0.05332088,0.997022205,0.055710022
0.021859553,0.020548984,0.013112307,-0.003462798,0.073403859,0.002866468,0.073541377,-0.047086384,0.99813006,0.03897762
0.022871044,0.020692695,0.013328075,-0.003819139,0.066567523,0.002459401,0.066722332,-0.05723929,0.997679801,0.036860243
0.020366583,0.022248423,0.010784773,-0.005147207,0.156918857,0.009949373,0.157318185,-0.032718451,0.997461652,0.063243629
0.021286026,0.0218498,0.01113235,-0.006118436,0.145728209,0.008689299,0.146115195,-0.041874054,0.997351504,0.059468827
0.022257116,0.021770662,0.011838334,-0.007142173,0.137924907,0.00723161,0.138298904,-0.051643017,0.997295736,0.052289714
0.021788513,0.024910271,0.009915024,-0.005336745,0.109847739,0.008157719,0.11027944,-0.048392925,0.996085386,0.073973162
0.022702351,0.020949589,0.012350826,-0.004318615,0.077357655,0.003624476,0.07756284,-0.055678918,0.997354605,0.046729545
0.021342943,0.023450922,0.009730837,-0.005725946,0.132349535,0.009932127,0.132845147,-0.043102409,0.996269252,0.074764697
0.021066636,0.022975007,0.009705445,-0.005696728,0.141636054,0.010614046,0.142147397,-0.040076206,0.996402727,0.074669294
0.021221545,0.021150719,0.010611227,-0.004628626,0.112779956,0.007268711,0.113108695,-0.040921927,0.997093604,0.064263058
0.021670366,0.023195347,0.00977031,-0.00358483,0.077070548,0.005737299,0.077366899,-0.04633545,0.996169545,0.074157026
0.021793703,0.019937607,0.012747922,-0.002989257,0.064655803,0.002743682,0.064782994,-0.046142625,0.998036661,0.042351887
0.020154759,0.023630533,0.010331491,-0.005653457,0.181877828,0.012547015,0.182397734,-0.030995214,0.997149601,0.068789313
0.021927208,0.019668378,0.012812755,-0.002663959,0.056162025,0.002340791,0.056273875,-0.047339179,0.998012395,0.041596405
0.020910932,0.020267025,0.010746764,-0.002678988,0.071283796,0.004457432,0.071473248,-0.037482384,0.997349323,0.062365041
0.021223184,0.020147238,0.010402544,-0.002740916,0.06743164,0.004442717,0.067633397,-0.040526068,0.997016898,0.065688218
0.01882782,0.021096027,0.014480474,0.001928038,-0.11375755,-0.002901718,-0.113810885,-0.016940717,0.999531374,0.025495964
0.018734543,0.020827523,0.012024034,-0.001031346,0.064589914,0.003234232,0.064679061,-0.015945598,0.998621703,0.050004313
0.023163213,0.02534033,0.013501416,-0.007313993,0.115650794,0.004270851,0.115960514,-0.063073134,0.997329091,0.036830214
0.022050962,0.025222061,0.013753559,-0.012652378,0.245699696,0.008412235,0.246169025,-0.051397115,0.998093468,0.034172598
0.022575367,0.025612539,0.014404452,-0.01474947,0.257717708,0.007092982,0.258236857,-0.057116053,0.99798964,0.027466963
0.022290587,0.026579222,0.012229404,-0.008226092,0.150140778,0.007650088,0.150560439,-0.054636475,0.997212677,0.050810745
0.023182444,0.026093012,0.014638115,-0.011750623,0.183748108,0.004628322,0.184181611,-0.063799113,0.99764633,0.025129121
0.020714667,0.025743397,0.013080918,-0.007287372,0.193387648,0.008029733,0.193691416,-0.03762362,0.998431689,0.041456317
0.022424862,0.027402636,0.013020851,-0.007219541,0.127294721,0.005461707,0.127616214,-0.056572289,0.997480784,0.042797909
0.02183155,0.02737031,0.013277378,-0.007209995,0.143260896,0.005750194,0.14355742,-0.05022377,0.997934451,0.040055011
0.02362516,0.025609482,0.015565604,-0.011666043,0.170837747,0.002612178,0.171255528,-0.068120682,0.997560482,0.0152531
0.022180334,0.027722931,0.012710038,-0.006405468,0.118015524,0.005476221,0.11831603,-0.054138631,0.997460142,0.046284693
0.022895815,0.028003749,0.013281113,-0.004169606,0.067064893,0.002707564,0.067248914,-0.062002575,0.997263589,0.040261825
0.022183612,0.027960585,0.012920099,-0.006021042,0.110576811,0.004893332,0.110848675,-0.054317668,0.99754743,0.044144257
0.022395833,0.028357256,0.014673622,-0.005043397,0.08849995,0.002249837,0.088672086,-0.056876945,0.998058739,0.025372556
0.022379883,0.028845014,0.013940791,-0.004365817,0.07643671,0.002564358,0.076604223,-0.056991858,0.997813271,0.033475415
0.021784134,0.028586421,0.015553772,-0.002850051,0.056461635,0.000898534,0.056540661,-0.050407111,0.99860231,0.015891817
0.021631457,0.026824163,0.010872347,-0.005566492,0.116212029,0.007619532,0.116594505,-0.047742316,0.996719599,0.065350692
0.021779927,0.026046047,0.009777172,-0.004411288,0.089886551,0.006886678,0.090257841,-0.048874287,0.995886342,0.076300057
0.022886183,0.023318932,0.015411938,-0.009219578,0.156058134,0.002576626,0.156351466,-0.058967009,0.998123896,0.016479705
0.022568082,0.023801673,0.014027401,-0.012310104,0.219491962,0.006783306,0.219941522,-0.055969897,0.997956,0.030841406
0.022595961,0.024098462,0.013170719,-0.011791929,0.20853625,0.008316878,0.209034896,-0.056411294,0.997614534,0.03978703
0.022787752,0.02470194,0.012008477,-0.005349785,0.090823138,0.004746404,0.091104286,-0.058721556,0.996913997,0.052098576
0.022263097,0.0254825,0.011414101,-0.008485427,0.157522851,0.009284627,0.158024224,-0.053697004,0.99682724,0.058754453
0.022218972,0.025711997,0.010102053,-0.003703789,0.069187041,0.005045085,0.069469544,-0.053315286,0.995933423,0.072622978
0.020462705,0.02542725,0.01421883,-0.002256743,0.064647352,0.001901937,0.064714684,-0.03487219,0.99895955,0.029389574
0.02205958,0.022954468,0.016693747,0.00482558,-0.095770217,-0.000317421,-0.095892238,-0.050322945,0.998727512,0.003310185
0.022371242,0.022361752,0.01672847,0.002787898,-0.052347832,-0.000153941,-0.052422243,-0.053181588,0.99858054,0.002936563
0.020691576,0.024181293,0.015296003,0.003157331,-0.085721958,-0.001531126,-0.085793748,-0.036801415,0.999163227,0.017846593
0.022415116,0.018054688,0.017872613,0.002697447,-0.052431404,0.000437609,-0.052502569,-0.051377435,0.998644525,-0.008335001
0.022276411,0.018092953,0.018880539,0.004188094,-0.083573791,0.001519998,-0.083692468,-0.050041468,0.998581997,-0.018161707
0.022227611,0.018223649,0.019555185,0.004806583,-0.096712697,0.002398877,-0.096861776,-0.049623114,0.998460912,-0.024765982
0.022536265,0.017909568,0.019733725,0.003838563,-0.073039236,0.001933189,-0.073165578,-0.052464063,0.998273206,-0.02642211
0.021858534,0.018226875,0.020837607,0.004444926,-0.096431757,0.003600633,-0.096601272,-0.046013123,0.998245213,-0.037273141
0.022711296,0.017142084,0.019923955,0.00291118,-0.054053431,0.0015195,-0.054153091,-0.053758336,0.998159664,-0.028059333
0.021178367,0.01615921,0.022172563,0.002119263,-0.054810801,0.002706984,-0.054918512,-0.038589223,0.998038715,-0.04929092
0.021911584,0.016589196,0.022255827,0.00260253,-0.05672697,0.002858643,-0.056858545,-0.045772007,0.997685926,-0.050276409
0.021340711,0.017374741,0.021283766,0.003179552,-0.078132871,0.003231167,-0.078264268,-0.040625842,0.998321121,-0.041285342
0.022226187,0.017708022,0.022121785,0.002975391,-0.060186046,0.002987505,-0.060333558,-0.049315693,0.997555052,-0.049516472
0.012799504,0.020081852,0.016321603,-0.003803224,-0.087980735,-0.000609172,-0.088065006,0.043186558,0.999043078,0.006917304
0.014043713,0.021044483,0.017019104,-0.008255927,-0.265109771,5.07E-06,-0.265238291,0.031126452,0.999515454,-1.91E-05
0.01212953,0.02193572,0.016694643,-0.004484138,-0.088209883,-0.000288541,-0.088324256,0.050769047,0.998705077,0.003266839
0.012755848,0.020141413,0.015796024,-0.002592433,-0.059339193,-0.000721726,-0.059400181,0.043643518,0.99897328,0.012150234
0.011607421,0.0220119,0.016202336,0.00530064,0.094362752,0.000780379,0.094514733,0.05608269,0.998391987,0.008256687
0.011770184,0.021378912,0.01534545,0.004344885,0.080203682,0.001352086,0.080332664,0.054086153,0.998394412,0.016831082
0.011620672,0.021858648,0.015396494,0.006097955,0.108986433,0.001789869,0.109171568,0.055856626,0.998304183,0.016395014
0.012308544,0.022725819,0.016795969,-0.006460288,-0.130734261,-0.000295674,-0.130894116,0.049355069,0.998778742,0.002258879
0.012316253,0.022631228,0.015504898,-0.003610458,-0.073250861,-0.001131382,-0.073348511,0.049223328,0.998668684,0.015424744
0.013002841,0.023201002,0.016569782,-0.008827567,-0.207589248,-0.000954137,-0.207779046,0.042485359,0.999086536,0.004592077
0.011467092,0.022629408,0.015697653,0.006981085,0.120445684,0.001623178,0.120658746,0.057858096,0.998234175,0.013452631
0.011694985,0.022652779,0.015366877,0.004962582,0.089180853,0.001503468,0.089331474,0.055552449,0.998313913,0.016830215
0.012050358,0.021247698,0.014483296,0.005616403,0.109524301,0.002794891,0.109703819,0.051196055,0.998363612,0.025476702
0.011971828,0.021967087,0.014602297,0.005708327,0.108831982,0.002666112,0.10901419,0.052363159,0.998328591,0.024456558
0.012587817,0.022101188,0.014234671,0.002538161,0.054861374,0.001550671,0.054941944,0.04619714,0.998533545,0.028223814
0.013012625,0.023382422,0.014465755,-0.005131827,-0.120740619,-0.003170607,-0.120891213,0.042449961,0.998754298,0.02622694
0.012716051,0.02181112,0.013739025,0.005206244,0.116132325,0.003855856,0.116312895,0.044760678,0.998447551,0.033150718
0.013023089,0.022313695,0.013620453,0.004057765,0.096765603,0.003346078,0.096908429,0.041872158,0.998526175,0.034528245
0.013137486,0.02235738,0.013370718,0.004862008,0.119203305,0.004426978,0.119384526,0.040725614,0.998482035,0.037081677
0.013827598,0.022848422,0.013094255,0.003466818,0.102179571,0.004102974,0.102320662,0.033881892,0.998621086,0.040099169
0.012135143,0.022747807,0.013481712,0.008515629,0.166322167,0.006012774,0.16664853,0.051099334,0.998041608,0.036080571
0.011348089,0.023225403,0.013969216,0.005715404,0.095995565,0.003006529,0.096212544,0.059403942,0.997744798,0.031248821
0.012643638,0.023394555,0.012674443,0.008434356,0.182142616,0.008142056,0.182519489,0.046210714,0.997935161,0.044609242
0.012540941,0.019562835,0.016535895,-0.003218845,-0.07064102,-0.000336693,-0.070715119,0.04551849,0.99895215,0.004761262
0.014929818,0.020349911,0.016772198,-0.004474257,-0.202621652,-0.000495462,-0.202671651,0.022076381,0.999753298,0.002444656
0.011547016,0.023477083,0.013572422,0.008201662,0.142283209,0.005049414,0.14260882,0.057511604,0.997716758,0.035407445
0.014672171,0.022534002,0.017261464,-0.009791011,-0.388490974,0.000968205,-0.388615541,0.025194594,0.999679461,-0.002491421
0.012911134,0.018545535,0.017493766,-0.002671921,-0.064410951,0.000300945,-0.064467048,0.041446303,0.999129827,-0.004668193
0.013131181,0.018047035,0.017427187,-0.002169679,-0.055442596,0.000221769,-0.055485477,0.039103554,0.99922717,-0.003996877
0.013589806,0.018742859,0.016759925,-0.003256121,-0.093308756,-0.000235811,-0.09336585,0.034874862,0.999388496,0.002525671
0.012883873,0.018852899,0.01580937,-0.002669569,-0.063749602,-0.000757178,-0.063809965,0.041836242,0.999054014,0.011866135
0.014816256,0.018077899,0.017755082,-0.00212351,-0.093544684,0.000673633,-0.093571208,0.022694052,0.999716536,-0.007199147
0.013949683,0.018887308,0.015740681,-0.002266921,-0.072181871,-0.000906394,-0.072223147,0.031387737,0.999428492,0.012549906
0.013995113,0.018217314,0.016051117,-0.002383035,-0.077481723,-0.000731513,-0.077521813,0.030740183,0.999482866,0.009436226
0.015492042,0.017798003,0.017294135,-0.001298889,-0.080870045,0.000217971,-0.080880769,0.016059307,0.999867409,-0.002694963
0.014922242,0.01786021,0.016214596,-0.001572139,-0.072716172,-0.000568366,-0.072735386,0.021614498,0.999735841,0.007814157
0.016408742,0.018669933,0.016527455,-0.00067563,-0.093829822,-0.000451071,-0.093833339,0.007200323,0.999962523,0.004807148
0.016359476,0.017829176,0.017932914,-0.000601098,-0.078870869,0.000703138,-0.078876294,0.007620766,0.999931226,-0.008914445
0.015112669,0.016963724,0.017321404,-0.001476459,-0.075350133,0.000221294,-0.075364922,0.019590805,0.99980377,-0.002936298
0.01336802,0.017988471,0.015466088,-0.002094605,-0.056915388,-0.000860818,-0.056960423,0.036772994,0.999209366,0.01511256
0.015984686,0.017024523,0.016502542,-0.000683842,-0.061152793,-0.000304026,-0.061157372,0.01118167,0.999925126,0.004971204
0.016128928,0.017108081,0.017163806,-0.000643171,-0.065649492,9.30E-05,-0.065652708,0.009796563,0.999951008,-0.001417283
0.0162874,0.016536165,0.017071845,-0.000478141,-0.058171406,3.06E-05,-0.05817338,0.008219247,0.999966083,-0.000525372
0.016838055,0.014883619,0.017692152,-0.000144826,-0.050296455,0.000321289,-0.050297689,0.002879374,0.999975453,-0.006387745
0.017608235,0.017586505,0.01805876,0.000330554,-0.073042767,0.000738926,-0.073047252,-0.004525204,0.999938595,-0.010115728
0.024199337,0.024276558,0.020908011,-0.018909231,0.257948862,-0.010425373,0.258851043,-0.073050628,0.996514668,-0.04027557
0.023761341,0.023734395,0.020460201,-0.013978573,0.204450843,-0.00727118,0.205057109,-0.06816917,0.997043431,-0.035459294
0.022675453,0.023733707,0.021074921,0.006589303,-0.115289843,0.004832246,-0.115579053,-0.057011225,0.997497733,-0.041809009
0.022793263,0.024652582,0.019546032,0.007437392,-0.126206185,0.003328267,-0.126468942,-0.058808047,0.99792236,-0.026316872
0.023539731,0.023212075,0.019992987,-0.007880649,0.119898667,-0.003665711,0.120213279,-0.06555556,0.997382886,-0.030493394
0.021881072,0.023634711,0.019912867,0.016404182,-0.335472446,0.010023915,-0.336022823,-0.048818653,0.998362082,-0.029831054
0.021682786,0.024391141,0.019428197,0.017447481,-0.369483716,0.009264608,-0.370011438,-0.047153896,0.99857377,-0.025038708
0.021599444,0.022920772,0.020371065,0.014193662,-0.310880602,0.010680298,-0.311387664,-0.045581966,0.998371604,-0.03429904
0.021500282,0.024121476,0.01898675,0.016495611,-0.364975889,0.00745504,-0.365424524,-0.045140953,0.998772292,-0.02040104
0.021614585,0.023162985,0.019307528,0.013544422,-0.294922559,0.006936313,-0.295314882,-0.045864341,0.998671509,-0.023487856
0.02356091,0.023919376,0.018565547,-0.011377803,0.1712805,-0.002744642,0.171679926,-0.066273343,0.997673424,-0.015986971
0.022490691,0.024851123,0.017805761,0.005786378,-0.103529946,0.000853137,-0.103695032,-0.055801883,0.998407963,-0.008227369
0.020880399,0.024701785,0.01829112,0.015359974,-0.393821326,0.00523458,-0.394155511,-0.038969323,0.999152151,-0.013280494
0.020580821,0.023812916,0.018625014,0.013741885,-0.386583567,0.006425552,-0.386881094,-0.035519661,0.999230958,-0.016608597
0.022545159,0.02360303,0.018135548,0.006429148,-0.115355908,0.001330782,-0.115542591,-0.055643101,0.998384289,-0.011517671
0.01985809,0.023887688,0.019306298,0.010994246,-0.391293096,0.009266882,-0.391557193,-0.028078264,0.999325521,-0.02366674
0.020203045,0.023532208,0.01804015,0.011874756,-0.376378443,0.003968733,-0.376586634,-0.0315326,0.999447163,-0.0105387
0.020707022,0.02221879,0.018224139,0.009057644,-0.249837211,0.003066726,-0.250020155,-0.036227656,0.999268284,-0.012265913
0.020875407,0.023439178,0.017172528,0.012123798,-0.315363713,0.00050445,-0.315597073,-0.038415431,0.999260577,-0.001598398
0.020988694,0.022248559,0.017548982,0.008945939,-0.22861683,0.001236818,-0.228795137,-0.039100216,0.999220672,-0.005405788
0.021474253,0.022117356,0.017255954,0.007765646,-0.176444917,0.000428001,-0.176616242,-0.043969034,0.999029955,-0.002423337
0.022793304,0.021566214,0.018137081,0.004314138,-0.075562932,0.000854949,-0.075690815,-0.056996852,0.99831046,-0.011295283
0.022825519,0.021360003,0.018019648,0.003748464,-0.065418892,0.000661182,-0.065529532,-0.057202667,0.9983116,-0.010089827
0.022020642,0.019954894,0.018418279,0.006250043,-0.128873707,0.001795037,-0.129037659,-0.048435808,0.998729422,-0.013910954
0.022378886,0.021053381,0.016974447,0.00477534,-0.090727893,-3.90E-05,-0.090853486,-0.052560891,0.998617629,0.000429122
0.02227469,0.019468533,0.018006932,0.004805654,-0.094641403,0.000926724,-0.094767866,-0.05070974,0.998665557,-0.009778885
0.022434369,0.019339506,0.017663052,0.003144662,-0.060138261,0.000383779,-0.060221645,-0.052218137,0.998615368,-0.006372779
0.020548798,0.023736129,0.016356606,0.008868133,-0.2520214,-0.001719724,-0.252183241,-0.035165433,0.999358239,0.006819342
0.020721557,0.022844393,0.016732469,0.010182598,-0.277946487,-0.000810029,-0.278134124,-0.036610386,0.999325371,0.002912368
0.019098641,0.023346767,0.020068996,0.007597155,-0.377453109,0.011851189,-0.377715524,-0.02011343,0.999305258,-0.031375965
0.020153942,0.022411248,0.018539948,0.008741827,-0.284849521,0.004420047,-0.285017904,-0.03067115,0.999409217,-0.015507963
0.02031184,0.021557368,0.020256676,0.007784159,-0.24310542,0.007955917,-0.243360093,-0.031986177,0.998953513,-0.032691953
0.02242717,0.020415546,0.016794102,0.004217663,-0.079909362,-0.000178046,-0.080020788,-0.05270709,0.998607537,0.002225002
0.022172859,0.020504052,0.016717225,0.004568072,-0.090843276,-0.000272397,-0.090958465,-0.05022152,0.998733613,0.002994737
0.014981308,0.027541217,0.008709996,0.001835393,0.078990455,0.007055548,0.079326171,0.023137292,0.995767904,0.088943508
0.014530265,0.027456535,0.009569353,0.002191472,0.078099987,0.006248672,0.078380204,0.02795951,0.996424898,0.079722574
0.015584841,0.028324354,0.009382564,0.001041467,0.061667346,0.005105254,0.061887074,0.01682851,0.996449546,0.082493052
0.015271154,0.027709829,0.009432099,0.001605222,0.079641262,0.00650712,0.079922775,0.020084665,0.996477687,0.081417596
0.014654378,0.028525604,0.010197717,0.001368677,0.050622286,0.003751593,0.050779558,0.02695331,0.996902837,0.073879984
0.0157394,0.026544744,0.007754059,0.001136878,0.076175328,0.007506637,0.076552745,0.014850911,0.99506985,0.098058366
0.016157299,0.026951699,0.008191487,0.000875739,0.083211017,0.007846712,0.083584754,0.010477255,0.995528642,0.093877313
0.015819665,0.025653979,0.008854627,0.001788923,0.128343783,0.011040243,0.128830175,0.013885898,0.996224554,0.085696095
0.014323324,0.027019454,0.011770975,0.002291376,0.076020951,0.00426434,0.076174931,0.030080442,0.997978611,0.055980884
0.015096132,0.026521219,0.011199813,0.002345387,0.10777276,0.006668085,0.108004315,0.021715675,0.997856061,0.061739057
0.01412989,0.026123676,0.011453214,0.003535167,0.110806199,0.006529529,0.111054697,0.031832662,0.997762375,0.058795611
0.016376302,0.026448058,0.010722239,0.001106905,0.13597412,0.009096527,0.13628255,0.008122131,0.997736836,0.066747559
0.017468931,0.026550256,0.00991995,-0.000513237,0.147693928,0.011151955,0.148115246,-0.003465122,0.997155476,0.075292421
0.017289074,0.026355455,0.010370633,-0.000238789,0.153237661,0.010813394,0.153618902,-0.001554423,0.997518263,0.070391041
0.0170443,0.026125943,0.010542536,0.000160778,0.154902551,0.010622286,0.155266414,0.001035498,0.997656529,0.068413288
0.017405709,0.026007781,0.01021133,-0.000455907,0.163624031,0.011779579,0.164048133,-0.002779108,0.997414773,0.071805624
0.014680241,0.026080802,0.012313435,0.001998117,0.076663365,0.003817404,0.076784351,0.026022452,0.998424339,0.049715908
0.018056512,0.026225733,0.009454324,-0.001414238,0.145906293,0.011699369,0.146381425,-0.009661318,0.99675415,0.079923861
0.018362893,0.026680404,0.011018382,-0.00204006,0.156881641,0.010026234,0.157214938,-0.012976251,0.997879996,0.063774056
0.017316971,0.026356364,0.011571227,-0.000236911,0.127750239,0.007386531,0.127963826,-0.001851393,0.998330887,0.057723589
0.015670365,0.024628528,0.008224304,0.001783586,0.116224241,0.010654603,0.116725215,0.015280209,0.995708087,0.09127936
0.017120468,0.025587821,0.01189922,2.76E-05,0.119974337,0.006466376,0.120148476,0.000229582,0.998550634,0.053819877
0.015390483,0.024045022,0.008063453,0.001641421,0.090418352,0.008389498,0.090821563,0.018073029,0.995560404,0.092373419
0.014732698,0.023721179,0.008261931,0.001874825,0.075334816,0.006812159,0.075665415,0.024777826,0.995630782,0.090030028
0.014431911,0.02449891,0.00891747,0.003620601,0.128300091,0.01081981,0.128806406,0.028108861,0.996069174,0.084000556
0.013858416,0.024919232,0.009763188,0.004636227,0.135005034,0.010241301,0.135472278,0.034222696,0.996551001,0.075597021
0.01386483,0.025628423,0.009167918,0.003937864,0.114041328,0.009430874,0.114498352,0.034392323,0.996008465,0.082366901
0.013232202,0.026149062,0.008718114,0.003942011,0.095165963,0.00836682,0.095614349,0.041228236,0.995310479,0.087505908
0.013169508,0.026770918,0.009056,0.003762468,0.08880921,0.007539726,0.089208069,0.042176325,0.995528901,0.084518433
0.012679056,0.028018357,0.00783041,0.003526302,0.073102759,0.007258262,0.073546792,0.047946371,0.993962585,0.098689034
0.020219982,0.027642129,0.015998883,0.001766213,-0.053314653,-0.000584389,-0.053347102,-0.033107946,0.999391747,0.010954473
0.018368833,0.027980592,0.016463164,0.000741561,-0.05596411,-0.00033497,-0.055970026,-0.013249247,0.999894314,0.005984804
0.018820729,0.026906852,0.015652552,0.001908353,-0.106464967,-0.001551588,-0.106493373,-0.017919924,0.999733263,0.014569808
0.018087767,0.026576703,0.015032788,0.00110513,-0.109836496,-0.002319525,-0.109866544,-0.010058844,0.99972651,0.021112203
0.019296994,0.026009988,0.014893602,0.002116044,-0.092838891,-0.002085506,-0.092886418,-0.022780984,0.999488331,0.022452215
0.017266322,0.026802866,0.014429938,7.70E-05,-0.058221237,-0.0016069,-0.058243459,-0.001322513,0.999618466,0.027589365
0.018498942,0.025956387,0.014906154,0.001856901,-0.129467456,-0.002889491,-0.129513009,-0.014337567,0.999648278,0.022310428
0.019823089,0.024589207,0.017525634,0.01217143,-0.435660672,0.002308413,-0.435836774,-0.027926578,0.999595945,-0.005296509
0.017530737,0.025587371,0.01572888,0.000814366,-0.199079859,-0.00270099,-0.199099847,-0.004090242,0.999899612,0.013566009
0.017387111,0.025980042,0.014201459,0.00021808,-0.084239013,-0.002508289,-0.08427663,-0.002587668,0.999553647,0.029762569
0.01962027,0.024203636,0.016411174,0.007952357,-0.309179585,-0.001944872,-0.309287954,-0.025711823,0.999649619,0.006288225
0.017466756,0.025602276,0.014153295,0.000359105,-0.105081417,-0.003169748,-0.105129827,-0.003415827,0.999539525,0.030150792
0.01662631,0.025591021,0.014769285,-0.000721626,-0.132795107,-0.003143769,-0.132834274,0.005432527,0.99970514,0.023666851
0.016393773,0.022409651,0.015274703,-0.001589963,-0.208450641,-0.003701277,-0.208489562,0.007626103,0.999813323,0.017752816
0.017631659,0.022113668,0.015375753,0.00131153,-0.26380456,-0.004399239,-0.263844498,-0.004970845,0.999848629,0.016673606
0.015121149,0.023396621,0.014820051,-0.003628746,-0.174418091,-0.00394473,-0.174500427,0.020795053,0.999528159,0.022605846
0.01768774,0.022739366,0.014625792,0.000976021,-0.175014548,-0.004279231,-0.175069576,-0.005575045,0.999685679,0.024443031
0.017835081,0.020797683,0.013994324,0.000478496,-0.068894015,-0.002087865,-0.068927306,-0.006942033,0.999517021,0.030290821
0.017595243,0.021598745,0.0128449,-0.000238896,0.052187156,0.002200602,0.052234078,-0.004573573,0.999101685,0.042129627
0.015987597,0.023590243,0.012391604,0.001380472,0.115910997,0.005529998,0.116051048,0.011895386,0.998793192,0.04765143
0.016824994,0.022950217,0.011882603,0.000547069,0.168263042,0.008852588,0.168496644,0.003246766,0.998613613,0.052538664
0.016749367,0.022213103,0.011279715,0.000679455,0.170033517,0.009921183,0.170324069,0.003989187,0.998294123,0.05824886
0.015113238,0.023478344,0.011126301,0.004040772,0.193302448,0.011731422,0.193700259,0.020860955,0.997946252,0.060564823
0.01831699,0.023916356,0.011249357,-0.002419136,0.19899455,0.011878197,0.199363424,-0.012134304,0.998149742,0.059580623
0.018907558,0.024415255,0.011186763,-0.003709286,0.201993813,0.012251329,0.202398998,-0.018326601,0.997998088,0.06053058
0.013831755,0.024213823,0.012233464,0.00541888,0.157679463,0.00783028,0.157966738,0.034303933,0.998181415,0.049569167
0.014231629,0.023972435,0.009051624,0.003901877,0.129459067,0.010678191,0.129957295,0.030024305,0.99616622,0.082166924
0.013439051,0.024444044,0.010084286,0.005574399,0.144657533,0.010435925,0.145140567,0.0384069,0.996671954,0.071902195
0.012755126,0.02390532,0.008927999,0.003074133,0.067716037,0.005668178,0.068022351,0.04519299,0.995496866,0.083328169
0.015303314,0.021342017,0.0151334,-0.002839942,-0.153198326,-0.002909148,-0.153252261,0.018531159,0.999648064,0.018982742
0.013366061,0.02286257,0.0111758,0.006992173,0.180870349,0.010816074,0.181328324,0.038560844,0.997474333,0.059649114
0.013157967,0.023178564,0.010062662,0.005380844,0.131492889,0.009392108,0.131937656,0.040783232,0.996628962,0.071185952
0.013129526,0.023166623,0.009245557,0.003612995,0.087676551,0.006997381,0.08802951,0.041043003,0.995990444,0.079489043
0.013372358,0.023008101,0.012226,0.007546788,0.195251624,0.009591174,0.195632669,0.038576319,0.998052241,0.049026446
0.014892127,0.022006379,0.020733912,-0.008746937,-0.383040582,0.014447709,-0.383412744,0.02281337,0.999029342,-0.037681869
0.016631363,0.023491722,0.01992975,-0.002151927,-0.408760205,0.012266865,-0.408949889,0.00526208,0.999536167,-0.02999601
0.01701954,0.022865785,0.018785551,-0.00046403,-0.369223418,0.006684321,-0.36928421,0.001256565,0.999835378,-0.018100751
0.016389942,0.021602523,0.018942364,-0.002306972,-0.303388239,0.005903172,-0.303454434,0.007602366,0.999781864,-0.019453241
0.01682731,0.022280792,0.020614334,-0.001173148,-0.365973346,0.013397152,-0.366220357,0.003203392,0.999325512,-0.036582215
0.015596021,0.02040457,0.020167358,-0.003409617,-0.22081339,0.006946244,-0.220948929,0.015431696,0.999386562,-0.031438233
0.015346543,0.020700414,0.017656576,-0.004298471,-0.238995203,0.001530463,-0.239038755,0.017982317,0.999817805,-0.006402571
0.017144237,0.022334879,0.017451689,6.90E-06,-0.349782982,0.001547473,-0.349786405,-1.97E-05,0.999990214,-0.00442405
0.017451447,0.021758329,0.019941596,0.000964967,-0.308350075,0.009128168,-0.308486666,-0.003128067,0.999557221,-0.029590156
0.017759901,0.023210472,0.020989096,0.002576222,-0.406013453,0.016568117,-0.406359524,-0.00633976,0.99914836,-0.040772065
0.016592912,0.020377269,0.020214867,-0.001187855,-0.216576094,0.006913813,-0.216689677,0.005481827,0.999475824,-0.031906519
0.016112262,0.019818144,0.02068457,-0.001783762,-0.174432457,0.006350947,-0.174557149,0.010218787,0.999285665,-0.036383195
0.018075716,0.02181755,0.020791294,0.003009566,-0.318320622,0.01216862,-0.318567342,-0.009447189,0.999225534,-0.038197952
0.017677404,0.020627214,0.019679921,0.001216247,-0.227103931,0.006052144,-0.227187815,-0.005353487,0.999630773,-0.026639386
0.017900636,0.021269115,0.017181229,0.001976289,-0.258720449,0.000427474,-0.25872835,-0.00763847,0.999969462,-0.00165221
0.017844126,0.020532351,0.019058263,0.001524177,-0.217199664,0.004432639,-0.217250237,-0.007015767,0.999767213,-0.020403379
0.018606952,0.021585679,0.021380156,0.004717853,-0.318760787,0.014053703,-0.319105318,-0.014784626,0.998920322,-0.044040955
0.018020321,0.02098259,0.016735707,0.002052249,-0.232712041,-0.00065795,-0.23272202,-0.008818457,0.99995712,0.002827192
0.017023535,0.019083824,0.0213334,-0.00014162,-0.120986025,0.005146815,-0.121095532,0.001169492,0.999095693,-0.042502108
0.017270954,0.019017438,0.020576714,0.000163254,-0.128832049,0.004516816,-0.128911307,-0.001266409,0.999385173,-0.035038166
0.018841535,0.020395784,0.018143686,0.003205793,-0.188941708,0.002125239,-0.188980852,-0.016963586,0.999792863,-0.011245791
0.018300483,0.018990511,0.019062493,0.001539143,-0.134958164,0.002718049,-0.134994306,-0.011401539,0.999732267,-0.020134545
0.018573398,0.018716613,0.018886155,0.001719667,-0.122360782,0.002245815,-0.122393472,-0.01405032,0.999732913,-0.018349138
0.019069487,0.01788047,0.019018484,0.001769446,-0.094261019,0.001837478,-0.094295529,-0.018764896,0.999634013,-0.019486373
0.017294377,0.022425689,0.016330253,0.000570778,-0.368261365,-0.00257826,-0.368270833,-0.001549886,0.999974292,0.007000988
0.018725403,0.020544814,0.01693807,0.003004345,-0.18977532,-0.00015017,-0.189799159,-0.015829075,0.999874399,0.000791202
0.018604133,0.018516509,0.01822117,0.001621414,-0.113165953,0.001335401,-0.113185446,-0.014325283,0.999827778,-0.011798345
0.018089976,0.020741034,0.021857826,0.00243257,-0.256183716,0.012425303,-0.256496397,-0.009483837,0.998780952,-0.048442408
0.015868591,0.020641781,0.021729391,-0.003131468,-0.245615358,0.011585123,-0.245908368,0.012734289,0.99880846,-0.047111546
0.015666943,0.021932945,0.02166174,-0.005762835,-0.385183205,0.01814186,-0.385653262,0.014943049,0.99878114,-0.047041893
0.017498683,0.022385897,0.023349701,0.000917249,-0.252638144,0.016298415,-0.253164989,-0.003623126,0.997918967,-0.06437863
0.01886953,0.023244977,0.021458259,0.007478909,-0.421307537,0.019229793,-0.42181247,-0.017730412,0.998802945,-0.045588489
0.020262929,0.017456178,0.016784139,0.00169787,-0.056088303,-0.000126804,-0.056114139,-0.030257445,0.999539584,0.002259746
0.020499842,0.017851528,0.016470587,0.001855434,-0.056749915,-0.000302068,-0.056781042,-0.032676999,0.999451806,0.005319866
0.020693701,0.018791983,0.017201478,0.003104187,-0.088939314,0.000161073,-0.088993615,-0.03488101,0.999389833,-0.001809934
0.021273622,0.018200593,0.016727904,0.002390857,-0.059227983,-0.00016742,-0.059276456,-0.040334005,0.999182261,0.00282439
0.020693239,0.019856906,0.015433706,0.002430057,-0.068904829,-0.001083652,-0.068956181,-0.035240598,0.999255291,0.015715076
0.022330195,0.018949337,0.017464289,0.003130057,-0.06129634,0.000269746,-0.061376798,-0.0509974,0.998689116,-0.004394919
0.014084697,0.019480623,0.011661802,0.002278494,0.075311842,0.003990788,0.075451915,0.030197968,0.998143547,0.052891803
0.01495763,0.019922741,0.011486514,0.001886175,0.086873718,0.004775019,0.087025291,0.021673868,0.998258284,0.054869321
0.013508149,0.020033073,0.012634251,0.002725337,0.075376006,0.003286879,0.075496843,0.036098689,0.998399442,0.043536637
0.014205389,0.020168539,0.011388825,0.002807689,0.095959574,0.00538073,0.096151314,0.029200731,0.99800585,0.055961064
0.014556951,0.020121392,0.010693567,0.001921896,0.07465258,0.004700861,0.074825126,0.02568517,0.99769401,0.062824629
0.013332166,0.020629492,0.012216942,0.004279007,0.112210594,0.005390975,0.112421483,0.038062178,0.998124119,0.047953241
0.01383655,0.021243058,0.012581925,0.004653922,0.139799316,0.006244096,0.140016058,0.033238485,0.998452021,0.044595574
0.014606814,0.021989904,0.010482907,0.003575959,0.138998042,0.009215735,0.139349105,0.025661876,0.997480698,0.066134151
0.013347247,0.022170134,0.011443143,0.006644759,0.172243861,0.009759617,0.172648054,0.038487307,0.997658861,0.056528971
0.014606676,0.022681488,0.009562439,0.003302555,0.127463011,0.009709545,0.127874944,0.02582644,0.996778626,0.075930003
0.01450272,0.022752421,0.009145417,0.003115386,0.115420038,0.009290738,0.115835265,0.026894974,0.996415366,0.080206471
0.014402877,0.022834677,0.008715155,0.002636213,0.094028628,0.007989259,0.094404241,0.027924732,0.996021225,0.084628181
0.012529725,0.022488451,0.010220131,0.003693957,0.07852777,0.005443398,0.078802834,0.046875945,0.996509472,0.069076174
0.011760755,0.02231795,0.011729443,0.004413519,0.080557752,0.004336601,0.080795029,0.054626118,0.997063226,0.05367411
0.013169977,0.022585791,0.012588465,0.007520657,0.185461917,0.008384766,0.185803626,0.040476376,0.998160916,0.045127031
0.015302327,0.023540242,0.009688186,0.002992439,0.15776299,0.011919538,0.158240928,0.018910652,0.996979685,0.075325256
0.014783044,0.020188091,0.023215544,0.001910474,0.081266516,-0.005019284,0.081443783,0.023457581,0.997823447,-0.061628817
0.014121386,0.020479782,0.023176959,0.003601642,0.119300879,-0.007343886,0.119580953,0.030118864,0.997657874,-0.061413514
0.015730077,0.021767506,0.024464997,0.002922198,0.204391411,-0.015411121,0.204992417,0.014255153,0.997068158,-0.075178981
0.015128716,0.020784561,0.024441956,0.0032128,0.159173438,-0.011846667,0.159646011,0.020124526,0.997039867,-0.074205842
0.015474679,0.021567583,0.024796734,0.004442844,0.263692667,-0.020726085,0.264543251,0.016794395,0.996784704,-0.078346678
0.013749528,0.021167642,0.023082903,0.006780325,0.198601053,-0.012122076,0.199086152,0.034057242,0.997563373,-0.060888593
0.01553249,0.021542747,0.025062688,0.004165603,0.256180778,-0.020818796,0.25705907,0.016204846,0.996583306,-0.080988373
0.01397413,0.021604301,0.02374474,0.007578149,0.236661641,-0.016092034,0.237329126,0.031930968,0.997187512,-0.067804716
0.014603502,0.021430455,0.024501279,0.005064642,0.197722553,-0.01492997,0.198350101,0.025533849,0.99683616,-0.075270796
0.015263957,0.02239858,0.025669638,0.002261788,0.118181576,-0.010418749,0.118661498,0.019060846,0.995955544,-0.087802273
0.017708469,0.022432422,0.025676981,-0.001725199,0.298962112,-0.026387615,0.300129351,-0.005748187,0.996110882,-0.087920809
0.017104356,0.022417184,0.026301766,4.76E-05,0.122988703,-0.011636878,0.123538011,0.000384962,0.995553528,-0.094196737
0.016404076,0.021508576,0.025648462,0.001494012,0.200428302,-0.017467878,0.201193596,0.007425742,0.996196231,-0.086821243
0.012994241,0.021016002,0.02231485,0.006007343,0.144140302,-0.007672216,0.144469296,0.041582147,0.997722735,-0.053106202
0.011744374,0.022803716,0.019734224,0.012405392,0.224625893,-0.006244203,0.225054828,0.055121642,0.998094086,-0.027745253
0.01206138,0.023332685,0.020538062,0.008935665,0.17096375,-0.006192037,0.171309052,0.052161081,0.997984334,-0.036145416
0.013797533,0.022470921,0.021724001,-0.003903903,-0.114468407,0.005493625,-0.114666633,0.034045678,0.99827129,-0.047909534
0.012267685,0.022595342,0.02184882,0.013473238,0.270727764,-0.013354401,0.271391581,0.049645009,0.997554024,-0.049207131
0.012029188,0.023367593,0.019252766,0.003371316,0.064073377,-0.001474014,0.064178939,0.052529936,0.998355203,-0.022967253
0.011333409,0.023671469,0.019961882,0.015877656,0.264786902,-0.008048808,0.265384601,0.059828852,0.997747799,-0.030328843
0.011478588,0.024625089,0.019340197,0.012552429,0.212585474,-0.005148436,0.213017965,0.058926624,0.997969695,-0.02416902
0.011302546,0.024385633,0.020472556,0.012473391,0.205390219,-0.007380449,0.205900944,0.06057957,0.997519562,-0.035844657
0.011291179,0.024254592,0.020757876,0.011102317,0.182707251,-0.007097815,0.183181823,0.060608183,0.997409289,-0.038747374
0.01103205,0.024275554,0.021175936,0.00416851,0.065676281,-0.002837156,0.065869567,0.063284311,0.99706563,-0.043072336
0.016408274,0.028658906,0.016870938,-0.001543241,-0.193183603,-0.000307506,-0.193190012,0.007988204,0.999966827,0.001591729
0.016369078,0.028663386,0.017146304,-0.003297149,-0.391796981,0.000550521,-0.391811241,0.008415146,0.999963605,-0.001405067
0.016284572,0.028859139,0.017370436,-0.003813091,-0.407594283,0.001570336,-0.407615143,0.009354636,0.999948823,-0.003852497
0.015612774,0.028223984,0.017098978,-0.004324512,-0.261023111,0.000231215,-0.261059034,0.016565266,0.999862394,-0.000885682
0.015517947,0.02803174,0.017214099,-0.006397214,-0.364344788,0.00077545,-0.36440177,0.017555386,0.999843628,-0.002128009
0.01604606,0.0279801,0.018432887,-0.005344926,-0.451315798,0.006902451,-0.451400223,0.01184077,0.99981297,-0.015291199
0.015545547,0.028645646,0.017343326,-0.006548351,-0.37688146,0.001337456,-0.376940717,0.017372363,0.999842793,-0.003548188
0.016176658,0.02849137,0.018165223,-0.004617002,-0.440132026,0.005489016,-0.440190466,0.010488647,0.999867239,-0.012469639
0.015574051,0.02867314,0.017686836,-0.006965308,-0.408042994,0.002974158,-0.408113276,0.017067095,0.999827788,-0.007287581
0.014819995,0.027513854,0.017684549,-0.009455475,-0.378783091,0.002717172,-0.378910832,0.024954353,0.999662872,-0.007171006
0.01550296,0.028226694,0.018266924,-0.007622203,-0.429237259,0.005810662,-0.429344252,0.017753127,0.9997508,-0.013533805
0.015998755,0.028650329,0.018232454,-0.005415528,-0.435187049,0.005755123,-0.435258793,0.012442087,0.999835169,-0.013222301
0.01557509,0.028187241,0.018651316,-0.007576624,-0.44649852,0.007900078,-0.446632674,0.016963881,0.999699634,-0.017688089
0.01558615,0.02833182,0.018635703,-0.007491673,-0.443934082,0.007791855,-0.444065656,0.016870643,0.999703705,-0.017546629
0.014292378,0.02788686,0.018448275,-0.012640359,-0.410968138,0.006347297,-0.411211475,0.030739316,0.999408243,-0.015435604
0.014211047,0.027361076,0.018866295,-0.013441943,-0.427314737,0.008479455,-0.427610186,0.031435039,0.999309069,-0.019829873
0.014092442,0.028428072,0.018109059,-0.002139871,-0.064631682,0.000766081,-0.064671634,0.033088241,0.999382233,-0.011845697
0.014286156,0.027997725,0.018729454,-0.012872741,-0.417112006,0.007717189,-0.417381945,0.030841634,0.999353257,-0.018489513
0.014758652,0.027893141,0.019494133,-0.011802851,-0.458772174,0.01226476,-0.459087834,0.025709353,0.999312419,-0.026715498
0.014784782,0.028161624,0.019246437,-0.011393727,-0.446480752,0.010773754,-0.446756033,0.025503242,0.999383823,-0.024115519
0.013946624,0.028406639,0.018585909,-0.006322585,-0.182293227,0.003103661,-0.182429242,0.034657739,0.999254422,-0.01701296
0.014103506,0.028314151,0.019060083,-0.013460755,-0.408547415,0.00904923,-0.408869259,0.032921904,0.999212844,-0.022132332
0.014140204,0.028243717,0.01963746,-0.014420417,-0.443362649,0.012586287,-0.443775621,0.032494839,0.999069413,-0.028361826
0.016622016,0.028469151,0.018196223,-0.002539518,-0.449422403,0.005754839,-0.449466421,0.005650073,0.999902066,-0.012803712
0.01347045,0.027927127,0.019520667,-0.005818969,-0.14677567,0.003967373,-0.146944539,0.039599766,0.998850793,-0.026999117
0.01680789,0.027628709,0.018644305,-0.001697217,-0.471572136,0.008257978,-0.471647489,0.003598486,0.999840234,-0.017508792
0.017012892,0.027778469,0.017723702,-0.000615498,-0.441219627,0.003360306,-0.441232852,0.00139495,0.999970027,-0.007615719
0.01699727,0.02850909,0.016586455,-8.80E-05,-0.055837766,-0.000261332,-0.055838447,0.001575786,0.999987806,0.004680147
0.012372746,0.028111156,0.009948119,0.004417016,0.085601287,0.006546575,0.085964807,0.051381673,0.995771296,0.076154124
0.012606257,0.030002629,0.009602226,0.002517409,0.050248903,0.004115156,0.050479937,0.049869498,0.995423238,0.081520618
0.012508842,0.029915888,0.00900854,0.00291839,0.057082616,0.005044265,0.057379323,0.050861349,0.994829033,0.087910854
0.013477673,0.03010999,0.008522918,0.002378111,0.05868633,0.005512251,0.05899259,0.040312023,0.994808505,0.093439713
0.013759555,0.028288597,0.007231188,0.002084072,0.056837906,0.006029054,0.057194758,0.036438162,0.993760747,0.105412702
0.012524348,0.027649516,0.009593934,0.004368068,0.087868401,0.007021583,0.088256663,0.049492786,0.995600764,0.07955867
0.015082657,0.029570358,0.008352369,0.001262584,0.055768219,0.005311638,0.056034828,0.02253213,0.995242098,0.094791717
0.015481856,0.029283311,0.00847955,0.001021293,0.056132287,0.005251272,0.056386634,0.018112325,0.995489226,0.093129723
