x,y,z,us_mag_0,noise_values,us_mag_noisy
0.013211587,0.017680349,0.009463277,0.080876063,0.000312453,0.081188516
0.013297011,0.017077273,0.011112848,0.020651935,0.001315311,0.021967246
0.014006631,0.016899739,0.010154388,0.065196858,0.001329039,0.066525897
0.01436891,0.016040186,0.011125967,0.039077714,-0.00392326,0.035154454
0.012837057,0.016382277,0.011209929,0.02707639,0.000283551,0.027359941
0.014713706,0.015790712,0.011334597,0.027359929,-0.00356548,0.023794449
0.014636069,0.016464267,0.009808396,0.052269616,-0.00057144,0.051698176
0.015177768,0.015949851,0.010928918,0.031589068,-0.000916989,0.030672079
0.01556631,0.01581447,0.009366429,0.031492648,0.006793431,0.038286079
0.015885031,0.015951581,0.009877596,0.025293523,0.004224967,0.02951849
0.015453213,0.01468911,0.00865196,0.032998799,0.002421489,0.035420288
0.009560028,0.012095659,0.006684129,-0.135750051,-0.000368307,-0.136118358
0.009536142,0.012823627,0.006705461,-0.122675432,0.004026752,-0.11864868
0.007397419,0.012464033,0.00575677,-0.162748019,0.000628355,-0.162119664
0.006271605,0.011742747,0.007618393,-0.121569116,0.002172523,-0.119396593
0.009935476,0.011957405,0.005293361,0.016405139,-0.002239965,0.014165174
0.009365655,0.0111971,0.00594099,-0.013149636,0.003076059,-0.010073577
0.00715866,0.011778079,0.00502978,-0.078192592,-0.003833222,-0.082025814
0.007668189,0.011317676,0.006088077,-0.140453743,0.001265755,-0.139187988
0.005961928,0.011236765,0.005129197,-0.007973486,-0.007112749,-0.015086235
0.006927831,0.010772813,0.00739878,-0.101046998,-0.000758578,-0.101805576
0.009421353,0.011524825,0.00666093,-0.106014418,0.002154049,-0.103860369
0.013949732,0.013305189,0.005232721,0.032234924,-0.002031269,0.030203655
0.014433507,0.014224866,0.005766578,0.042399466,-0.001199144,0.041200322
0.013776939,0.013855763,0.004718034,0.030060166,-0.004366282,0.025693884
0.012238179,0.013083185,0.004412511,0.03476964,0.000710497,0.035480137
0.012677321,0.014748591,0.005393628,-0.026411872,0.002457394,-0.023954478
0.012383584,0.013838769,0.006498764,0.042849793,-0.004855624,0.037994169
0.017521242,0.015678037,0.007677727,0.0087007,0.001544323,0.010245023
0.015837845,0.015752198,0.009288566,0.026550256,-0.000328538,0.026221718
0.016256915,0.01581328,0.009452814,0.021802917,-0.004767148,0.017035769
0.015672464,0.014724423,0.010770964,0.019768379,0.000106708,0.019875087
0.016157659,0.01449167,0.009407088,0.016136343,0.000238915,0.016375258
0.016191183,0.013964033,0.009831913,0.00961715,0.002480182,0.012097332
0.016094618,0.014641341,0.010151465,0.017341237,0.001541892,0.018883129
0.014509414,0.015363017,0.010993624,0.042855073,-0.002429075,0.040425998
0.015298012,0.014415226,0.011031321,0.018010816,-0.004351221,0.013659595
0.01525958,0.013885235,0.010749413,0.017036963,-0.000710582,0.016326381
0.014109766,0.014526774,0.0111504,0.040928569,-0.007617804,0.033310765
0.013199907,0.019727133,0.007160369,-0.178781749,0.005686921,-0.173094828
0.013088209,0.019859737,0.00681745,-0.047150359,-0.001825329,-0.048975688
0.012647608,0.019894809,0.006692833,0.019737628,0.001568246,0.021305874
0.013300117,0.019516803,0.006422005,-0.177608328,-0.003298357,-0.180906685
0.013546508,0.019392295,0.006377375,-0.187470988,-0.003181041,-0.190652029
0.013723643,0.019163307,0.006509005,-0.170510077,-0.001624255,-0.172134332
0.013634696,0.019104354,0.006936233,-0.153249857,-0.001432533,-0.15468239
0.013520001,0.019413473,0.007185704,-0.15778809,-0.000833169,-0.158621259
0.013849581,0.019164925,0.007401885,-0.131738922,-0.000773885,-0.132512807
0.013196711,0.019569499,0.005674073,0.012844869,0.00276682,0.015611689
0.013887556,0.019186895,0.006560963,-0.164864892,0.003440326,-0.161424566
0.010062868,0.014380446,0.010873286,0.047845942,0.005155469,0.053001411
0.009147272,0.015326687,0.009941139,-0.067871,0.005340327,-0.062530673
0.010083294,0.014784314,0.010797944,0.027703157,0.004186217,0.031889374
0.009942589,0.015206162,0.009783456,-0.094605735,0.002790187,-0.091815548
0.01164071,0.014670963,0.011115572,0.074088286,-9.52E-05,0.073993125
0.01030113,0.01599684,0.010126967,-0.070268816,-0.006818314,-0.07708713
0.011244356,0.016210398,0.008517773,0.025132299,0.000747265,0.025879564
0.011854569,0.016032621,0.009882107,-0.026434078,-0.003176444,-0.029610522
0.009429946,0.015245627,0.009404353,-0.102951595,-0.000940195,-0.10389179
0.011047101,0.016649868,0.009732585,-0.072042023,0.000752703,-0.07128932
0.009798629,0.016255014,0.009417467,-0.112336231,-0.002711042,-0.115047273
0.012070513,0.013700884,0.011567432,0.047680845,-0.00088211,0.046798735
0.012246358,0.013155068,0.010300147,0.071883139,0.003873758,0.075756897
0.011463978,0.013096411,0.011468106,0.083858976,0.007173724,0.0910327
0.012078046,0.012772836,0.011580359,0.069488334,-0.00064173,0.068846604
0.011299767,0.012445078,0.011624115,0.072693565,0.000784088,0.073477653
0.012934119,0.011757474,0.009819943,0.037392263,-0.000916919,0.036475344
0.012531722,0.011235763,0.010526392,0.028595766,0.000181507,0.028777273
0.013513695,0.012078652,0.010701045,0.018041893,0.000386819,0.018428712
0.013548639,0.012462962,0.011249928,0.021104544,0.005633233,0.026737777
0.01267893,0.011430162,0.011511299,0.021618318,-0.000643534,0.020974784
0.01015391,0.014691589,0.004777246,-0.051297922,-0.003113488,-0.05441141
0.010255428,0.014865167,0.00349155,0.022688674,0.003778336,0.02646701
0.009093863,0.014757739,0.004049805,-0.029873622,-0.001702757,-0.031576379
0.008421989,0.01523801,0.004630893,-0.031665697,0.001999842,-0.029665855
0.009724921,0.014722447,0.005789663,-0.178090822,-0.002524674,-0.180615496
0.008767251,0.015476985,0.004953807,-0.05530204,0.000331735,-0.054970305
0.004888038,0.011525143,0.006466385,-0.022692772,-0.001157052,-0.023849824
0.004355152,0.011638734,0.007737083,-0.015234938,0.001971931,-0.013263007
0.005965326,0.011209102,0.00727454,-0.094592408,-0.004833019,-0.099425427
0.00506044,0.009651235,0.006392627,-0.023119008,-0.001021859,-0.024140867
0.005751065,0.009199262,0.006880323,-0.038461342,0.005136715,-0.033324627
0.005162323,0.009681824,0.00824072,-0.048973073,0.003299078,-0.045673995
0.009121681,0.012840244,0.009736911,-0.110913824,-0.000977046,-0.11189087
0.010138095,0.013881775,0.010446857,-0.03094553,0.00179839,-0.02914714
0.009572651,0.013231605,0.011462887,0.066165436,-0.001632294,0.064533142
0.009089921,0.013669714,0.011260307,0.037369968,0.000395172,0.03776514
0.010202291,0.011935654,0.011905387,0.055855474,0.003391082,0.059246556
0.008795404,0.012222584,0.011917376,0.037972628,0.002008646,0.039981274
0.009125064,0.012613493,0.011956234,0.011475056,0.002319627,0.013794683
0.008746875,0.013755889,0.010084656,-0.102041728,-0.006144897,-0.108186625
0.008596733,0.01376948,0.010940701,0.032860365,0.004176748,0.037037113
0.012716953,0.019166119,0.007983846,-0.110367787,6.30E-05,-0.110304818
0.012139466,0.02000862,0.007817362,0.012982435,0.00250355,0.015485985
0.011232807,0.019071244,0.00851656,0.011708492,0.001545355,0.013253847
0.012031237,0.019594176,0.006988856,0.012536847,0.000802493,0.01333934
0.010772598,0.018458193,0.007995728,-0.063733265,0.002145507,-0.061587758
0.010442548,0.018312456,0.007539122,-0.059941635,-0.003808095,-0.06374973
0.010308689,0.018275885,0.00694875,-0.033554726,0.000600777,-0.032953949
0.012950787,0.018030953,0.007404391,-0.123572567,-0.002156347,-0.125728914
0.010211802,0.017374206,0.00777341,-0.133277028,-0.000440787,-0.133717815
0.012576187,0.017979868,0.006383082,-0.159699185,0.002031909,-0.157667276
0.01329286,0.011990147,0.009328894,0.025804216,-0.003820636,0.02198358
0.012680904,0.012574005,0.007916433,0.057811629,0.0021519,0.059963529
0.012784383,0.011893197,0.008272341,0.035019951,-0.000506637,0.034513314
0.011710604,0.012484997,0.007237776,0.042444233,0.002927501,0.045371734
0.010595771,0.013155145,0.00684282,-0.063971583,0.000794249,-0.063177334
0.012269349,0.012489528,0.006715539,0.057051565,0.000461155,0.05751272
0.011565013,0.012023713,0.006722345,0.055382142,-0.001086123,0.054296019
0.012039401,0.011541956,0.009165482,0.063234121,-0.002007158,0.061226963
0.011773502,0.013160195,0.007527356,0.04881113,0.005794463,0.054605593
0.005752428,0.013996991,0.008587316,0.010837532,0.004349783,0.015187315
0.006365908,0.014378824,0.008837209,0.012509121,-0.000928734,0.011580387
0.007670562,0.013342961,0.009043441,-0.196792817,-0.000569451,-0.197362268
0.009266647,0.013629696,0.008546767,0.017995958,-0.000106225,0.017889733
0.005097873,0.013008993,0.008755475,0.009526006,0.003221502,0.012747508
0.005820644,0.014627878,0.008116879,0.009883774,0.002429017,0.012312791
0.006143444,0.011423633,0.008423394,-0.090285935,0.003686775,-0.08659916
0.006705492,0.015831957,0.007164404,0.009343535,0.002327947,0.011671482
0.007635461,0.015249512,0.00833122,-0.159047903,-0.000891337,-0.15993924
0.007621244,0.016340047,0.007609211,-0.030014645,0.003500487,-0.026514158
0.007554725,0.015646327,0.008733441,-0.03602293,0.003333908,-0.032689022
0.007367176,0.01564192,0.006083619,-0.011940576,4.23E-05,-0.011898271
0.008679289,0.01572532,0.008338477,-0.177999949,0.003975822,-0.174024127
0.006928327,0.014720277,0.006095332,-0.047115061,0.000101565,-0.047013496
0.014216712,0.018485796,0.00790722,-0.090097763,0.000423894,-0.089673869
0.013869611,0.018342923,0.008195854,-0.089666892,-0.000498566,-0.090165458
0.014103926,0.018226786,0.008422411,-0.07762672,-0.001291353,-0.078918073
0.014076266,0.01872411,0.008355779,-0.087698543,0.000193403,-0.08750514
0.014161344,0.018122573,0.008750526,-0.070727586,0.00076508,-0.069962506
0.013872368,0.019034876,0.008651347,-0.09658717,-0.003421046,-0.100008216
0.013921975,0.018914042,0.008111474,-0.10267382,-0.002143725,-0.104817545
0.013752483,0.018991061,0.007819591,-0.116995134,-0.001539879,-0.118535013
0.013303826,0.017954769,0.007938675,-0.102103902,-0.005168066,-0.107271968
0.014158587,0.018137196,0.009043937,0.023219943,0.002814444,0.026034387
0.01318508,0.019820452,0.007476404,-0.156745186,0.002596388,-0.154148798
0.013281338,0.02003927,0.007817918,0.014191597,-0.002127684,0.012063913
0.013317822,0.019667527,0.008114402,-0.085193595,-0.002100954,-0.087294549
0.013582143,0.019664487,0.007707012,-0.153604781,0.002093761,-0.15151102
0.013405937,0.019880729,0.008549693,0.014288002,-0.003342686,0.010945316
0.012733108,0.019580323,0.008414855,0.022505584,0.003635312,0.026140896
0.013008693,0.019125782,0.008782961,0.020057212,0.004213662,0.024270874
0.013543463,0.019217219,0.009117519,0.040539502,0.00350796,0.044047462
0.013206841,0.018547814,0.009200386,0.070540392,0.002326547,0.072866939
0.014896178,0.017425202,0.0072682,-0.106183682,0.000352615,-0.105831067
0.014248768,0.017506268,0.007711854,-0.099389817,9.03E-05,-0.099299525
0.01435515,0.017546568,0.007886204,-0.094102346,-0.004830008,-0.098932354
0.014274586,0.017518926,0.008075952,-0.091619845,0.000584727,-0.091035118
0.014988137,0.016900508,0.007830353,-0.123303932,0.001025514,-0.122278418
0.014740243,0.017186236,0.008241188,-0.115105646,-0.000562849,-0.115668495
0.015052416,0.017409101,0.006703912,-0.117358645,-0.000891093,-0.118249738
0.015126595,0.017081011,0.006798506,-0.120103517,0.000240365,-0.119863152
0.015111035,0.016938876,0.007210421,-0.131876093,-0.005693158,-0.137569251
0.014820596,0.016396303,0.008192138,0.052175394,-0.000756824,0.05141857
0.009083836,0.008639798,0.010336251,0.010136135,-0.000128577,0.010007558
0.007996262,0.008880525,0.009954179,-0.010635825,-0.001074189,-0.011710014
0.010516679,0.009628758,0.009727102,0.013675869,0.001588039,0.015263908
0.007614986,0.008173248,0.009409556,-0.010596857,-0.001883177,-0.012480034
0.008398912,0.009773304,0.009085418,-0.020797678,0.001878088,-0.01891959
0.010335844,0.009863972,0.009318334,0.030652876,-0.000728494,0.029924382
0.003885125,0.008023638,0.007873021,-0.018610868,-0.000494868,-0.019105736
0.003299187,0.008664526,0.006463884,0.00257607,0.00776144,0.01033751
0.003465947,0.006896673,0.008729134,-0.009077174,-0.006495552,-0.015572726
0.004374494,0.008108571,0.00879278,-0.028277403,-0.004704232,-0.032981635
0.002980056,0.007434626,0.00980332,-0.004045322,-0.006995574,-0.011040896
0.004154268,0.008392465,0.00943614,-0.023341715,0.002619732,-0.020721983
0.011214892,0.011417577,0.012079287,0.047027244,0.001702791,0.048730035
0.011132383,0.011656873,0.012274142,0.035109602,-0.000457655,0.034651947
0.01087684,0.010798265,0.012304364,0.034416895,0.003373272,0.037790167
0.011692299,0.010444012,0.010213772,0.014342685,9.11E-05,0.014433738
0.011308373,0.010470989,0.011087683,0.045759972,0.001857984,0.047617956
0.011302211,0.010114521,0.010799889,0.026360426,0.002762502,0.029122928
0.011689671,0.011174212,0.008867472,0.057467002,-0.000419495,0.057047507
0.009187859,0.016016511,0.006553225,-0.156917194,0.001799369,-0.155117825
0.012323437,0.01505639,0.007234445,-0.013554292,-0.002887733,-0.016442025
0.011191821,0.016243432,0.005479789,-0.132516469,-0.004473501,-0.13698997
0.01071918,0.014221474,0.006835459,-0.067978869,0.001406029,-0.06657284
0.012024287,0.015817436,0.006430912,-0.144629489,0.003919084,-0.140710405
0.011339419,0.015054195,0.007860471,0.04149826,0.001799101,0.043297361
0.013224258,0.016588347,0.006521611,-0.132686411,-0.003217205,-0.135903616
0.009794898,0.01423991,0.007279098,-0.041660875,-0.003495048,-0.045155923
0.010503642,0.016965989,0.008604793,-0.073623329,0.000906818,-0.072716511
0.014688494,0.013181463,0.007050002,0.014576601,-0.002728572,0.011848029
0.015194711,0.014070136,0.00670582,0.023685368,-0.001979392,0.021705976
0.014882841,0.013577938,0.005948178,0.020235861,-0.003472333,0.016763528
0.01541948,0.014655338,0.004817019,0.013160067,0.001196024,0.014356091
0.015903534,0.014850504,0.005224153,0.01264171,0.000309819,0.012951529
0.015319091,0.014169505,0.007858729,0.024626443,0.001523325,0.026149768
0.005720699,0.008785706,0.006480009,-0.019612363,-0.001668863,-0.021281226
0.006767525,0.007354448,0.007950462,-0.005616442,-0.005048946,-0.010665388
0.005317053,0.0081509,0.008112645,-0.029139915,-0.000804612,-0.029944527
0.006735876,0.008449635,0.006785499,-0.017154972,-0.000700765,-0.017855737
0.005782912,0.00711701,0.008902051,-0.013447629,-0.001419859,-0.014867488
0.009485598,0.010408868,0.004444108,0.021058304,0.003010844,0.024069148
0.009110576,0.012379583,0.003297412,-0.00474196,-0.005562479,-0.010304439
0.00697898,0.011594378,0.004909329,-0.05229699,-0.003073435,-0.055370425
0.007770656,0.01039514,0.004373698,-0.003817726,-0.006773087,-0.010590813
0.010011341,0.011154597,0.004226965,0.030523864,-0.000293417,0.030230447
0.008385058,0.012478264,0.004338926,-0.048626598,0.002998441,-0.045628157
0.011809455,0.011496942,0.005698844,0.032311758,-0.003194265,0.029117493
0.010764582,0.011432788,0.005962558,0.06249316,0.002147097,0.064640257
0.010971745,0.0113432,0.00461326,0.039543196,0.003659476,0.043202672
0.010482072,0.010716954,0.004738268,0.030137894,0.003618076,0.03375597
0.012795431,0.01218375,0.006208326,0.033381818,-0.002496335,0.030885483
0.011520811,0.013029839,0.005149718,0.023436418,0.000744893,0.024181311
0.004856717,0.010233432,0.011481327,0.014296465,0.005155146,0.019451611
0.005948681,0.011258796,0.011188026,0.021339583,-0.006207771,0.015131812
0.005840087,0.01068254,0.011246432,0.016640438,-0.004044372,0.012596066
0.005775384,0.01176623,0.01021703,0.017064417,0.002360713,0.01942513
0.003952849,0.011234938,0.009449441,0.007210673,0.003542732,0.010753405
0.004655249,0.008799945,0.013477261,0.008382816,0.003956522,0.012339338
0.01547564,0.015253422,0.008643253,0.036205102,0.001030683,0.037235785
0.015550421,0.016144821,0.007987965,0.030894675,0.003567573,0.034462248
0.016117346,0.015608443,0.00686246,0.019093656,-0.001233841,0.017859815
0.01595361,0.016293943,0.00801351,0.020411081,0.002503818,0.022914899
0.016462784,0.015774602,0.008522829,0.018060864,0.005024215,0.023085079
0.014938548,0.017167077,0.006618352,-0.117716796,-0.001909062,-0.119625858
0.015401683,0.017150575,0.006080952,0.013041132,0.000299366,0.013340498
0.014852398,0.016741781,0.006900684,-0.078400202,0.002529263,-0.075870939
0.015586302,0.016465979,0.007146868,0.027811171,-0.005708379,0.022102792
0.005844364,0.014590072,0.006482649,0.005722325,0.00615446,0.011876785
0.006296913,0.013534323,0.006600133,-0.095713491,0.000130927,-0.095582564
0.006239772,0.013280294,0.005488362,-0.00767669,-0.002701104,-0.010377794
0.006807549,0.012956858,0.007054358,-0.16814427,-0.004585022,-0.172729292
0.005427861,0.012556751,0.006201771,-0.015986829,-0.001082192,-0.017069021
0.00628068,0.012543767,0.005632903,-0.058524128,0.000109079,-0.058415049
0.003738175,0.008693284,0.009895271,-0.010610809,-0.003713245,-0.014324054
0.003827274,0.010030762,0.008537655,-0.020269395,-0.000740936,-0.021010331
0.011327815,0.018185422,0.005733478,0.017119261,0.005496685,0.022615946
0.011453516,0.016694328,0.004073751,0.019363848,0.002852147,0.022215995
0.011668815,0.018081725,0.005742408,0.012051367,-0.001403492,0.010647875
0.012472745,0.017393919,0.005648065,-0.115184287,-0.002837425,-0.118021712
0.012405395,0.017135738,0.004259394,0.022712573,-0.000167741,0.022544832
0.011910305,0.017828982,0.004745894,0.027620933,0.004489227,0.03211016
0.008305534,0.01171164,0.012347665,0.010310576,0.001286962,0.011597538
0.008663157,0.011591209,0.0110656,0.022200589,-0.003514336,0.018686253
0.008135206,0.010993226,0.012766686,0.008541865,0.00461369,0.013155555
0.007109894,0.011598698,0.012261623,0.015621809,0.001878923,0.017500732
0.007603855,0.012167196,0.011116719,0.044034312,-0.004510962,0.03952335
0.006111546,0.0122142,0.010150376,0.018407473,0.003019451,0.021426924
0.009383172,0.011370195,0.012332895,0.037025194,0.002570871,0.039596065
0.006202202,0.012000673,0.01074463,0.0185059,-0.002197837,0.016308063
0.007567797,0.012997082,0.010176459,0.01589985,-0.003007967,0.012891883
0.014053291,0.018257303,0.006512177,-0.142302113,-0.003966689,-0.146268802
0.014319653,0.018507406,0.00681441,-0.125396652,-0.002508222,-0.127904874
0.014204566,0.018712154,0.007382759,-0.111216867,0.002989542,-0.108227325
0.014005544,0.017897254,0.007392638,-0.109391839,0.002546696,-0.106845143
0.014628699,0.017736789,0.007079727,-0.103594595,0.000212662,-0.103381933
0.014678424,0.017890677,0.007309807,-0.088405977,0.001262928,-0.087143049
0.014371218,0.01766232,0.006835465,-0.118820804,0.002507422,-0.116313382
0.01436755,0.018343011,0.006799141,-0.122718149,-0.004134358,-0.126852507
0.014429682,0.018472474,0.00616255,-0.149905731,0.003159906,-0.146745825
0.009059445,0.009725116,0.012838363,0.01767562,0.00075675,0.01843237
0.009821322,0.009877646,0.012438718,0.031056939,0.002268655,0.033325594
0.009675439,0.008530883,0.01118065,0.011022773,0.00060094,0.011623713
0.010633043,0.010645828,0.011832431,0.047195974,0.001812027,0.049008001
0.010777817,0.009733865,0.011808515,0.027062269,-0.004234764,0.022827505
0.008730213,0.010266102,0.011820018,0.025333384,0.003123192,0.028456576
0.009391032,0.010969484,0.012092878,0.041596603,0.002330868,0.043927471
0.0093156,0.010652709,0.012307122,0.036980725,-0.00610275,0.030877975
0.013967145,0.018560549,0.00501577,0.026089679,0.002039364,0.028129043
0.014158995,0.018045118,0.004929665,0.029878968,-0.004846494,0.025032474
0.014716986,0.017564705,0.005941372,-0.061280202,-0.004863749,-0.066143951
0.014788803,0.018040981,0.00601897,-0.142996778,0.001116974,-0.141879804
0.014672714,0.018057749,0.006353838,-0.130381519,-0.002469657,-0.132851176
0.014922516,0.017183986,0.005247192,0.035260781,0.001640416,0.036901197
0.014976354,0.017562354,0.00649971,-0.118439573,-0.003341223,-0.121780796
0.014272864,0.018632475,0.006175541,-0.158423649,-0.00158579,-0.160009439
0.013856915,0.018630216,0.006431217,-0.157183546,0.003312064,-0.153871482
0.014077174,0.018735409,0.005358587,0.018073266,-0.002814797,0.015258469
0.013638572,0.01896774,0.005737234,-0.018784911,-0.000988662,-0.019773573
0.013437619,0.01893075,0.005933196,-0.113316955,0.004866832,-0.108450123
0.01375187,0.018985635,0.006063158,-0.184453421,0.000355266,-0.184098155
0.012744528,0.018929159,0.006141483,-0.057653216,-0.001471797,-0.059125013
0.016870407,0.01554004,0.008053477,0.012950156,0.000530844,0.013481
0.016399223,0.014703502,0.008966408,0.014261425,-0.001909593,0.012351832
0.006970009,0.008795358,0.006523634,-0.020442627,0.001746481,-0.018696146
0.006829712,0.009682482,0.006588105,-0.053411968,-0.006876979,-0.060288947
0.006851488,0.01005317,0.006960216,-0.070714386,0.004600911,-0.066113475
0.006150565,0.009517903,0.006462466,-0.042666119,-0.000671714,-0.043337833
0.006142942,0.010205524,0.005362896,-0.016191348,0.000126724,-0.016064624
0.005899234,0.009146573,0.005995071,-0.014502131,0.004406967,-0.010095164
0.009458542,0.009999277,0.00511868,0.024306277,-0.003008739,0.021297538
0.003973934,0.010494026,0.008055865,-0.02158108,0.000494919,-0.021086161
0.003826292,0.009373067,0.008503702,-0.024935134,0.003031583,-0.021903551
0.004465709,0.009599414,0.006415885,-0.011138351,-0.001792897,-0.012931248
0.014562574,0.013030715,0.009056037,0.023829637,0.003602632,0.027432269
0.013378489,0.014658355,0.007820958,0.047769021,0.000355438,0.048124459
0.01388958,0.012469105,0.007667395,0.012926582,0.000309882,0.013236464
0.014306563,0.012531217,0.008408509,0.009942862,0.004086321,0.014029183
0.013260438,0.013579039,0.009667995,0.079747721,0.000524571,0.080272292
0.015513778,0.01358152,0.008507073,0.012636161,-0.002348364,0.010287797
0.011553087,0.016541541,0.008819547,0.033196757,-0.005760817,0.02743594
0.010328454,0.017574212,0.009441946,-0.032297595,6.45E-05,-0.03223313
0.012081883,0.018376034,0.008727328,-0.024534967,0.000172341,-0.024362626
0.01115548,0.018334042,0.009541942,-0.010871138,-0.005970053,-0.016841191
0.012185074,0.01771109,0.009899414,0.010926332,0.004145706,0.015072038
0.011289657,0.016949987,0.010051486,-0.063563467,-0.003244529,-0.066807996
0.012886155,0.017850755,0.010450054,0.019770907,-0.001241659,0.018529248
0.012306453,0.019387422,0.00940013,0.015585411,-0.000169571,0.01541584
0.014599202,0.016911125,0.008352022,-0.01764493,-0.000255588,-0.017900518
0.01419987,0.016773002,0.008563133,0.041702187,0.0001092,0.041811387
0.013918302,0.016903846,0.008691027,0.041819635,-0.00161506,0.040204575
0.014110623,0.017437186,0.008859497,0.014211532,0.000896708,0.01510824
0.013608807,0.017512741,0.009017333,0.059800861,-0.00168204,0.058118821
0.014034759,0.017937642,0.008921629,-0.028695949,0.00095004,-0.027745909
0.013903105,0.017936003,0.009914132,0.038831413,-0.000332884,0.038498529
0.013805466,0.017946044,0.009314379,0.075698963,-0.003700077,0.071998886
0.010059924,0.017392661,0.008353585,-0.123826761,0.00351948,-0.120307281
0.009303533,0.017522173,0.008055942,-0.07233092,-0.001637754,-0.073968674
0.0089735,0.016488314,0.009126532,-0.090634181,-0.003595597,-0.094229778
0.008653251,0.017096389,0.007925206,-0.063001631,-9.51E-05,-0.06309676
0.009941818,0.017176438,0.006717174,-0.122316913,0.001274224,-0.121042689
0.009521018,0.017511934,0.007218324,-0.084685146,-0.005289876,-0.089975022
0.010142508,0.012646343,0.009987496,-0.038301453,0.00056441,-0.037737043
0.010845423,0.013796925,0.009487874,-0.012775402,-1.08E-05,-0.012786194
0.007885338,0.010489428,0.008823297,-0.060169403,0.00384572,-0.056323683
0.006995935,0.010441577,0.009100955,-0.06406328,-0.00139033,-0.06545361
0.007877665,0.010947814,0.008486715,-0.085123355,-0.002668478,-0.087791833
0.009941434,0.010347202,0.008496162,0.028469418,0.000205015,0.028674433
0.010643668,0.010126517,0.008662183,0.029973969,0.000533342,0.030507311
0.00874054,0.010251872,0.008087052,-0.028307621,-0.00034455,-0.028652171
0.010772755,0.011272211,0.0061049,0.064217175,-0.000294682,0.063922493
0.015905345,0.016779268,0.005554862,0.010843393,-0.000740467,0.010102926
0.015792921,0.015623898,0.006203469,0.024754231,0.001282392,0.026036623
0.015320256,0.016559195,0.005193106,0.026056121,-0.002365123,0.023690998
0.01568717,0.016055454,0.00496173,0.016021529,-0.002352856,0.013668673
0.014989913,0.015396155,0.004961126,0.028114,-0.004061178,0.024052822
0.012888931,0.014119946,0.011305942,0.058582705,0.003582863,0.062165568
0.013641022,0.012181647,0.010181659,0.021965289,0.000511661,0.02247695
0.013971541,0.013235184,0.010736687,0.055123953,0.003956864,0.059080817
0.01366423,0.013738015,0.011147711,0.051493539,-0.001319454,0.050174085
0.015354108,0.01367115,0.009036458,0.019186076,0.004484692,0.023670768
0.014896861,0.013545806,0.009826898,0.031415506,-0.002483625,0.028931881
0.014402933,0.013480169,0.010890395,0.032536274,-0.002405447,0.030130827
0.013900377,0.013705815,0.011271513,0.029297177,-0.003762482,0.025534695
0.01417039,0.013092252,0.009652627,0.046491465,-0.002912788,0.043578677
0.007203506,0.010084522,0.012826145,0.015764148,-0.001620755,0.014143393
0.00635337,0.008926637,0.012133969,0.010997241,0.000478458,0.011475699
0.007922353,0.009648664,0.011714557,0.013630069,-0.003486911,0.010143158
0.008240134,0.009386729,0.012852218,0.016561713,0.004020097,0.02058181
0.012570854,0.016393144,0.005095006,-0.077410602,-0.002646279,-0.080056881
0.013230132,0.016205872,0.004486754,0.020844329,0.001823579,0.022667908
0.011727436,0.015524006,0.004359622,0.019243857,0.00044662,0.019690477
0.011886806,0.016386898,0.003939238,0.013609808,0.000503306,0.014113114
0.012939777,0.014991744,0.004708585,0.022614855,0.004614285,0.02722914
0.012855045,0.014862858,0.004605244,0.025797873,0.001420822,0.027218695
0.014318726,0.015991183,0.00617202,0.022779598,0.004099844,0.026879442
0.014162972,0.017109662,0.004836403,0.028347885,0.000999416,0.029347301
0.013636471,0.016086089,0.004451515,0.018342114,0.00102372,0.019365834
0.007380645,0.013926487,0.005652014,-0.131128908,0.00150886,-0.129620048
0.005624029,0.008639242,0.00840798,-0.037390231,0.000719984,-0.036670247
0.005242984,0.00854503,0.010291836,-0.019162454,-0.001767547,-0.020930001
0.00480029,0.008898224,0.009335745,-0.032776821,0.001212228,-0.031564593
0.005755255,0.011150895,0.012066487,0.016515729,0.000736994,0.017252723
0.006037926,0.01054377,0.012226017,0.017595189,-0.001117501,0.016477688
0.003995205,0.009631133,0.011911727,0.009701032,0.002235618,0.01193665
0.012307389,0.014554266,0.004635541,0.018380858,-0.001590248,0.01679061
0.011191725,0.015001643,0.004955996,-0.11795904,-0.000677785,-0.118636825
0.011684782,0.014651861,0.003959634,0.027636189,0.001623269,0.029259458
0.009783107,0.013332907,0.003352931,0.014723641,-0.001713587,0.013010054
0.009242646,0.013196809,0.003619899,0.012846155,-0.000891155,0.011955
0.012845069,0.014419404,0.011263641,0.061510212,-0.001924701,0.059585511
0.012911118,0.015601031,0.008806976,0.076842419,-0.005879177,0.070963242
0.013123138,0.01596302,0.007987696,0.014020002,-0.0026016,0.011418402
0.012447314,0.016484136,0.01063438,0.041948698,0.000840452,0.04278915
0.011149732,0.014225042,0.008744275,0.061997263,-0.00671938,0.055277883
0.011744224,0.015628677,0.011114032,0.030167158,-0.002389843,0.027777315
0.012335874,0.01590576,0.008937703,0.058243251,-0.001064114,0.057179137
0.012588626,0.013631476,0.009587926,0.073473392,-0.00248166,0.070991732
0.009404923,0.010505767,0.006926019,-0.016730543,0.00391703,-0.012813513
0.010391205,0.010981281,0.005955338,0.059347915,-0.003103044,0.056244871
0.010251612,0.010828757,0.006471244,0.047967,-0.004530979,0.043436021
0.00976335,0.009706927,0.006846535,0.014877016,0.001930771,0.016807787
0.007490129,0.014182069,0.00979394,0.015322622,-0.003652817,0.011669805
0.008116504,0.014397981,0.009921218,-0.02371194,0.00089629,-0.02281565
0.008458613,0.014002266,0.008839154,-0.141028103,0.005852885,-0.135175218
0.007494034,0.014833381,0.009403864,0.015367056,0.000905338,0.016272394
0.009130658,0.01434479,0.007602384,-0.068984024,0.002481375,-0.066502649
0.009055955,0.015212901,0.009123804,-0.134102203,-0.001032266,-0.135134469
0.008335893,0.015101198,0.009436336,-0.124991589,0.005325936,-0.119665653
