x,y,z,us_mag,noise,us_mag_noisy
0.012205279,0.027712947,0.020587301,0.064664066,-0.002725404,0.061938662
0.012773889,0.026780648,0.020371933,0.047772162,-0.002594566,0.045177596
0.010811778,0.026150767,0.022111625,-0.030769983,-0.005951724,-0.036721707
0.012030167,0.027329471,0.022409208,0.055969376,-0.002055977,0.053913399
0.014585126,0.026446229,0.022492813,-0.144100681,0.008396845,-0.135703836
0.011335119,0.025052708,0.023296543,-0.026969338,-0.008180178,-0.035149516
0.014438456,0.026337845,0.023465425,0.07529071,0.009199987,0.084490697
0.014502416,0.024554675,0.021949858,-0.20556207,-0.012888972,-0.218451042
0.011506977,0.025526444,0.024394123,-0.046686854,-0.004139778,-0.050826632
0.015488326,0.025350031,0.022988427,-0.127984032,-0.010312943,-0.138296975
0.011800518,0.025532572,0.024735397,-0.049575582,0.002729945,-0.046845637
0.011664835,0.025810905,0.025167722,-0.027658502,-0.003030792,-0.030689294
0.017079592,0.024194114,0.024133157,0.08649753,-0.012194736,0.074302794
0.014053664,0.023067143,0.023677016,0.09764766,0.016363459,0.114011119
0.013206853,0.022988217,0.023774043,0.233611047,0.011343481,0.244954528
0.013601422,0.02284448,0.024198622,0.247137964,-0.011410731,0.235727233
0.013895273,0.023640104,0.024448652,0.178788602,-0.001501143,0.177287459
0.013557123,0.026421625,0.025071196,0.025408827,0.005457842,0.030866669
0.014754957,0.026173763,0.024991889,0.108365215,-0.006356357,0.102008858
0.015206411,0.024646569,0.024769317,0.176569819,0.002203493,0.178773312
0.013847066,0.025384191,0.02633634,-0.04741367,-0.005131127,-0.052544797
0.013185933,0.025834046,0.025712539,-0.038669065,0.003482358,-0.035186707
0.01340983,0.024837539,0.025421269,-0.041642994,0.004479649,-0.037163345
0.012882539,0.025630441,0.025879327,-0.046619404,0.003461668,-0.043157736
0.01590745,0.024056703,0.024276981,0.115149237,0.007889956,0.123039193
0.01463182,0.022685595,0.024915438,0.260573894,-0.00201495,0.258558944
0.015416415,0.022790289,0.022918787,-0.250821531,-0.005083076,-0.255904607
0.017630715,0.02351838,0.022757925,-0.240678817,0.002784923,-0.237893894
0.018186828,0.024407724,0.022605926,-0.275638193,-0.00309742,-0.278735613
0.018132946,0.023771687,0.024548568,0.222703516,0.004336805,0.227040321
0.018989185,0.028150689,0.021959528,-0.411212265,-0.002187611,-0.413399876
0.019182431,0.028067756,0.0222397,-0.39958787,-0.011939018,-0.411526888
0.019714613,0.02814164,0.022265574,-0.394129097,-0.006137009,-0.400266106
0.020027483,0.027603915,0.021848626,-0.394798666,-0.005155108,-0.399953774
0.018781064,0.02763151,0.022435721,-0.390491247,0.007726591,-0.382764656
0.018977797,0.028247893,0.022794401,-0.388259947,-0.004982885,-0.393242832
0.020072173,0.027193768,0.021985486,-0.385584742,0.006789912,-0.37879483
0.019865247,0.028091107,0.022883132,-0.37894547,-0.007502739,-0.386448209
0.019513544,0.027522944,0.022914095,-0.363821864,0.013601806,-0.350220058
0.020325441,0.028761629,0.022632292,-0.394025236,-0.009368094,-0.40339333
0.019766836,0.028262992,0.023104275,-0.371937782,0.012330065,-0.359607717
0.020019919,0.027633403,0.022968067,-0.344900072,0.008993062,-0.33590701
0.020499747,0.028105853,0.022898352,-0.122927442,-0.013402855,-0.136330297
0.018446963,0.02728058,0.023162937,-0.358611822,-0.002232308,-0.36084413
0.019191556,0.028098969,0.023377428,-0.355730444,0.007199917,-0.348530527
0.018740784,0.028196486,0.023306968,-0.367861867,-0.003043819,-0.370905686
0.01927626,0.02778179,0.023468586,-0.342469007,0.000101767,-0.34236724
0.019622499,0.026053965,0.022767332,-0.248321682,0.004466341,-0.243855341
0.018932499,0.027747804,0.023520025,-0.34554857,-0.00364807,-0.34919664
0.019009704,0.028286411,0.023447193,-0.358503282,0.000186028,-0.358317254
0.01950429,0.02767876,0.023625545,-0.177247837,0.003890527,-0.17335731
0.017365106,0.027025346,0.023242313,-0.364676416,-0.0023879,-0.367064316
0.018253561,0.028207498,0.023371119,-0.379617602,-0.006236479,-0.385854081
0.021525109,0.029137107,0.022166222,0.020183573,0.006685267,0.02686884
0.021793205,0.027838284,0.022831993,0.117961988,0.000725704,0.118687692
0.017756529,0.026686914,0.023870371,-0.072281629,-0.012318234,-0.084599863
0.017832866,0.027743643,0.023574201,-0.361463815,-0.001269877,-0.362733692
0.017731266,0.028118556,0.023225555,-0.393254459,-0.006782694,-0.400037153
0.018977407,0.028212147,0.023708712,-0.33718428,0.007361035,-0.329823245
0.019692119,0.027890917,0.024025042,0.082926936,0.008688361,0.091615297
0.019881161,0.02746379,0.024262432,0.120603479,-0.003643711,0.116959768
0.02009088,0.028166164,0.024086343,0.024068311,0.004614386,0.028682697
0.01785841,0.027652731,0.024031989,-0.133140251,0.00901352,-0.124126731
0.018239657,0.027998317,0.023992,-0.306346297,-0.000239743,-0.30658604
0.017961165,0.027880898,0.024045646,-0.156451046,-0.00030573,-0.156756776
0.018751774,0.027903888,0.02424906,0.04974518,0.00708017,0.05682535
0.018040964,0.027942818,0.024391688,0.030176211,0.005269672,0.035445883
0.017689262,0.028177584,0.022667728,-0.427366704,-0.004939889,-0.432306593
0.02112156,0.028350584,0.021810927,-0.021400262,-0.006102667,-0.027502929
0.020722494,0.028893191,0.022187475,-0.045375578,-0.015951758,-0.061327336
0.018245503,0.028158654,0.021452593,-0.445454508,-0.00848929,-0.453943798
0.017039988,0.027640104,0.021309776,-0.446164191,0.013248906,-0.432915285
0.016510757,0.027494857,0.021210711,-0.441530347,0.001614375,-0.439915972
0.017693661,0.027809233,0.022143966,-0.428044409,0.004107066,-0.423937343
0.017178042,0.028192239,0.021580808,-0.471164256,0.006282563,-0.464881693
0.017494777,0.02802466,0.022233365,-0.439887196,-0.011902458,-0.451789654
0.016928906,0.028314423,0.021997901,-0.469442874,0.000622888,-0.468819986
0.013604255,0.030829137,0.012876851,0.033490717,0.011962398,0.045453115
0.012337098,0.028696872,0.015390202,-0.02743973,0.000131679,-0.027308051
0.013833609,0.030788451,0.012869895,0.033257488,0.000475913,0.033733401
0.014023117,0.029916143,0.01213649,0.02098603,0.014183862,0.035169892
0.01254645,0.027391475,0.01572183,-0.071574688,0.002955357,-0.068619331
0.013955689,0.030560751,0.014005587,0.030352682,0.011175523,0.041528205
0.013856025,0.030674519,0.014196544,0.033854812,0.004831759,0.038686571
0.014356087,0.02978638,0.011018082,0.041703306,-0.003670509,0.038032797
0.014935836,0.028097689,0.011237209,0.106720343,-0.006325052,0.100395291
0.01514492,0.026717635,0.014197647,-0.042600542,0.000265083,-0.042335459
0.01554291,0.029970434,0.011704913,0.027575998,0.001962949,0.029538947
0.014525163,0.026836032,0.016108831,-0.092813924,0.001028409,-0.091785515
0.016182501,0.029222917,0.0128663,0.040792562,-0.01199695,0.028795612
0.015261182,0.026147032,0.013958568,-0.047273316,-0.001732949,-0.049006265
0.013638317,0.026418313,0.017432259,-0.135467112,0.00669078,-0.128776332
0.013658772,0.030473109,0.015874466,0.034563985,-0.000318125,0.03424586
0.014309065,0.024635412,0.015069083,-0.168161735,-0.011010522,-0.179172257
0.015099017,0.024957275,0.014970855,-0.155051112,-0.00037573,-0.155426842
0.015465088,0.025058297,0.015145301,-0.161195427,-0.013080734,-0.174276161
0.015011949,0.025063364,0.017089967,-0.387138605,-0.003816484,-0.390955089
0.015445164,0.025476174,0.017308429,-0.411315203,0.00185598,-0.409459223
0.015031922,0.030038202,0.016474553,0.032457788,0.002406184,0.034863972
0.013130249,0.030588932,0.016174994,0.035123881,-0.005048586,0.030075295
0.015732629,0.029161165,0.012299541,0.053047583,-0.001512373,0.05153521
0.013140652,0.03065888,0.013611101,0.028109921,0.00951071,0.037620631
0.015886588,0.028603021,0.011612598,0.085460343,-0.003405089,0.082055254
0.016895287,0.029217271,0.013347594,0.03178104,-0.003171558,0.028609482
0.016289473,0.028504338,0.012695339,0.059132755,0.002153892,0.061286647
0.016957142,0.030392012,0.014530025,0.02697294,0.00822098,0.03519392
0.022769949,0.022256048,0.022285854,0.051246382,-0.012836904,0.038409478
0.022752423,0.022242682,0.021173324,-0.169902906,-0.000146845,-0.170049751
0.023231097,0.021763653,0.022425275,0.163354561,0.000765136,0.164119697
0.021960979,0.021039274,0.021822022,-0.136576653,0.003278775,-0.133297878
0.022982763,0.02112335,0.022595856,0.125082314,-0.008239054,0.11684326
0.022607829,0.020688636,0.022413498,0.037666354,0.007673605,0.045339959
0.023425084,0.021311086,0.021149859,0.023925079,0.007070029,0.030995108
0.022242028,0.019602407,0.022030942,-0.055039514,-0.01409191,-0.069131424
0.02213895,0.019609997,0.023704097,0.088194259,0.003045102,0.091239361
0.022192277,0.018770235,0.02229983,-0.046017487,-0.004813148,-0.050830635
0.021375528,0.017994022,0.024320448,0.029096425,0.004384755,0.03348118
0.021930838,0.018991735,0.023331653,0.02543845,0.021437274,0.046875724
0.020703573,0.019236801,0.023860492,0.081168167,0.002911871,0.084080038
0.021474512,0.018681236,0.024178406,0.062341724,-0.005347046,0.056994678
0.02019581,0.017743168,0.02456194,0.046744786,-0.006051997,0.040692789
0.020302104,0.018384324,0.024912458,0.062583849,0.005859046,0.068442895
0.019682212,0.020325283,0.022055665,-0.239319921,-0.007266547,-0.246586468
0.020225707,0.018917494,0.022234343,-0.083064556,-0.006227673,-0.089292229
0.02252744,0.019157579,0.018822353,-0.145614237,0.000215572,-0.145398665
0.021544892,0.019252557,0.019180834,-0.168979272,-0.005648928,-0.1746282
0.02324057,0.022220755,0.019866586,-0.032050874,-0.013153435,-0.045204309
0.02195509,0.021112505,0.019207463,-0.24975197,-0.00488889,-0.25464086
0.022607377,0.020651771,0.020217823,-0.190441132,0.000421848,-0.190019284
0.022493698,0.020535475,0.018934304,-0.178244904,-0.000338906,-0.17858381
0.021490423,0.01960755,0.018675158,-0.184477702,0.006480766,-0.177996936
0.019306621,0.019862101,0.020900698,-0.255158246,-0.002672872,-0.257831118
0.019895282,0.019819835,0.019913854,-0.235503703,-0.005567519,-0.241071222
0.020246958,0.019504068,0.019854076,-0.208778575,0.005678901,-0.203099674
0.019712413,0.017827828,0.02038075,-0.119279779,9.60E-05,-0.119183803
0.020390576,0.018938102,0.017951291,-0.171683609,-0.018192694,-0.189876303
0.021441789,0.02742471,0.024263736,0.090828113,-0.012298528,0.078529585
0.022223042,0.027944425,0.023451464,0.043523066,0.006062675,0.049585741
0.022485254,0.026812464,0.022769161,0.032088358,-0.000962093,0.031126265
0.022323821,0.028338354,0.022388686,0.067137457,0.005264654,0.072402111
0.022970542,0.026873445,0.023673343,-0.039184216,0.004506988,-0.034677228
0.022395911,0.025954867,0.023016565,0.038045313,-0.002527201,0.035518112
0.023277644,0.026958434,0.02236267,-0.03717427,0.003101406,-0.034072864
0.023548959,0.027136151,0.02268862,-0.042654879,0.008210834,-0.034444045
0.023502071,0.026788609,0.022189792,-0.049714685,-0.008376155,-0.05809084
0.023405559,0.025971863,0.022740047,-0.045011535,-0.005645327,-0.050656862
0.02376763,0.026943874,0.022694534,-0.029885856,0.000910064,-0.028975792
0.023861928,0.027428007,0.021702798,-0.046220809,0.003377853,-0.042842956
0.023986988,0.027470989,0.021878118,-0.042696729,-0.014051007,-0.056747736
0.024052175,0.025109725,0.020919792,0.135879666,3.33E-05,0.135913009
0.023885431,0.024230354,0.021623794,0.154732481,0.001417788,0.156150269
0.022099664,0.025530256,0.023277456,0.098346576,-0.002674623,0.095671953
0.021491334,0.027268516,0.022864182,0.144009039,-0.002905145,0.141103894
0.022860909,0.023781033,0.023297239,0.223525032,-0.000970508,0.222554524
0.022181651,0.023474213,0.023184311,0.144343644,0.004067859,0.148411503
0.022670887,0.024186608,0.02167668,-0.11711549,-0.000607825,-0.117723315
0.022610648,0.025191678,0.023893651,0.077001773,-0.002711552,0.074290221
0.023232386,0.023572259,0.023590043,0.111945882,-0.015781,0.096164882
0.022237547,0.010444495,0.020329628,-0.011026875,-0.016091799,-0.027118674
0.022004513,0.009220421,0.019609056,-0.007285054,-0.019587051,-0.026872105
0.021085111,0.013352847,0.022031816,-0.026197512,-0.009819928,-0.03601744
0.021827895,0.010502143,0.017025253,-0.015344469,-0.010965243,-0.026309712
0.021699615,0.013683641,0.016274557,-0.03125846,0.003810164,-0.027448296
0.02109492,0.011074412,0.014782704,-0.025168616,-0.004189709,-0.029358325
0.019433834,0.013134705,0.015631273,-0.035257045,-0.007967848,-0.043224893
0.019759269,0.014361066,0.016027769,-0.037915275,-0.009040421,-0.046955696
0.02106563,0.014115684,0.01657917,-0.032963622,0.00571699,-0.027246632
0.017836377,0.012370257,0.015877651,-0.025620157,-0.001028666,-0.026648823
0.015611405,0.019169895,0.021499582,-0.209451675,0.002030293,-0.207421382
0.018539118,0.01777827,0.024513183,0.055895884,-0.001879374,0.05401651
0.015799614,0.017327404,0.02220715,-0.048182704,-0.004064025,-0.052246729
0.015416662,0.018057052,0.022094367,-0.058403589,0.001554051,-0.056849538
0.017533483,0.018719677,0.022059113,-0.142813131,0.007651505,-0.135161626
0.01674585,0.019005448,0.022998657,-0.071538471,-0.000121764,-0.071660235
0.015516378,0.018432975,0.023760505,0.067979604,0.013743873,0.081723477
0.015952276,0.018571289,0.023987351,0.098438375,-0.001404609,0.097033766
0.015937988,0.018513475,0.02420949,0.081777066,-0.008910895,0.072866171
0.018325666,0.020639243,0.024787599,0.284169048,0.001239658,0.285408706
0.017743064,0.019870997,0.02415433,0.142433181,-0.006384573,0.136048608
0.018431542,0.019234089,0.025259314,0.180639923,0.005139619,0.185779542
0.018157527,0.019207638,0.025532918,0.152706236,0.009815115,0.162521351
0.019949075,0.016927838,0.02257767,-0.035710815,-0.003639433,-0.039350248
0.019200681,0.018858356,0.022944765,-0.041796245,0.01484958,-0.026946665
0.018506283,0.018388959,0.024911931,0.106661096,0.013069869,0.119730965
0.018646013,0.020031311,0.022788486,-0.139062539,-0.011199793,-0.150262332
0.018096196,0.01894632,0.024213351,0.094764948,-0.003948418,0.09081653
0.017831627,0.020835867,0.023797261,0.064196304,0.007866941,0.072063245
0.015030474,0.019209115,0.022549842,-0.021427255,-0.011333928,-0.032761183
0.015031465,0.019715305,0.021396186,-0.226289332,0.006344265,-0.219945067
0.014724992,0.019095069,0.022998508,0.109277666,0.012899801,0.122177467
0.017483937,0.020612653,0.02283893,-0.212677434,-0.000703629,-0.213381063
0.014585962,0.019284625,0.02338404,0.144289821,-0.002584888,0.141704933
0.014932117,0.0196878,0.023671892,0.195739672,0.004049911,0.199789583
0.014244536,0.019529428,0.023145758,0.16606164,0.004753878,0.170815518
0.016522616,0.01979259,0.024983127,0.252494007,-0.004992464,0.247501543
0.017128896,0.020861313,0.024659881,0.270939112,-0.000797121,0.270141991
0.017423363,0.021273222,0.024759483,0.288404316,-0.005536531,0.282867785
0.017045185,0.021265179,0.025181448,0.349004328,-0.016382377,0.332621951
0.017639823,0.020681508,0.025320852,0.322144926,-0.001591731,0.320553195
0.010665213,0.030206971,0.013480807,0.026609747,0.002149358,0.028759105
0.010036102,0.028473798,0.013438457,0.015859939,0.010806467,0.026666406
0.010959007,0.028895283,0.012811404,0.02324369,0.001926864,0.025170554
0.011573904,0.028139573,0.015157611,-0.03651901,1.24E-05,-0.03650663
0.011171084,0.027108103,0.01428138,-0.051240791,0.017536712,-0.033704079
0.010474513,0.026477315,0.013896708,-0.060779691,-0.006745238,-0.067524929
0.011041437,0.026785856,0.014898005,-0.070133291,-0.007045823,-0.077179114
0.01042238,0.026486786,0.014523294,-0.045084346,-0.003319215,-0.048403561
0.01201022,0.026860373,0.014892923,-0.08247105,-0.00303795,-0.085509
0.010452109,0.026161287,0.014552927,-0.049963661,0.009497994,-0.040465667
0.0120787,0.02649059,0.015362622,-0.100983858,-0.0021887,-0.103172558
0.012640467,0.026132941,0.013727734,-0.060957465,-0.005997797,-0.066955262
0.011566411,0.025741566,0.014502263,-0.085018508,0.001291441,-0.083727067
0.012572166,0.025632048,0.013480693,-0.04815495,-0.002784127,-0.050939077
0.010687399,0.025027309,0.013475261,-0.031325076,-0.009419234,-0.04074431
0.012617508,0.02547518,0.014333391,-0.115562081,-0.009832246,-0.125394327
0.010605731,0.024901191,0.013973584,-0.07136412,-0.009656232,-0.081020352
0.010488465,0.02487785,0.013559828,-0.051902778,0.016268718,-0.03563406
0.010570483,0.024479453,0.014145716,-0.053140942,-0.005444333,-0.058585275
0.010917423,0.024724802,0.015937075,-0.079523519,0.005950524,-0.073572995
0.011018224,0.024258701,0.015578741,-0.080367409,-9.33E-05,-0.080460686
0.011463768,0.030275861,0.014813541,0.019716069,0.010093593,0.029809662
0.012273847,0.024794968,0.012059159,0.164337784,0.006814663,0.171152447
0.010701545,0.024942378,0.01703551,-0.05815747,0.003648614,-0.054508856
0.011464735,0.023627006,0.016635591,-0.072549492,0.006796626,-0.065752866
0.013702504,0.028240344,0.020408759,-0.370491952,-0.005187155,-0.375679107
0.0128736,0.027888412,0.020874186,0.077780135,-0.006347722,0.071432413
0.013659233,0.028794512,0.020492399,-0.376752764,0.013616968,-0.363135796
0.014209656,0.028536299,0.02036993,-0.408335984,-0.003138491,-0.411474475
0.013572105,0.028268924,0.021000313,-0.223962352,0.002915296,-0.221047056
0.013944914,0.027889637,0.021089526,-0.386477202,0.011412702,-0.3750645
0.013359091,0.028212279,0.021520885,0.056484684,0.00553877,0.062023454
0.014064536,0.02713841,0.021567779,-0.299649,0.002059215,-0.297589785
0.014493562,0.028122088,0.021299137,-0.429725468,-0.011527924,-0.441253392
0.014518048,0.028588928,0.020834059,-0.448757857,-0.000681963,-0.44943982
0.015059532,0.028323995,0.021073382,-0.460045487,0.002779931,-0.457265556
0.015643006,0.027502319,0.021780338,-0.427318692,-0.019211321,-0.446530013
0.015525107,0.028242923,0.021293163,-0.471035659,-0.004855491,-0.47589115
0.014158115,0.028316815,0.021762623,-0.411698669,-0.00829382,-0.419992489
0.015558309,0.027996477,0.021856051,-0.449511468,0.001735624,-0.447775844
0.01512445,0.028311968,0.021605305,-0.465668112,0.017397363,-0.448270749
0.015045417,0.027068105,0.023197623,-0.0177754,-0.012345319,-0.030120719
0.01580598,0.027478073,0.022714872,-0.402381748,0.001677256,-0.400704492
0.016270008,0.027919645,0.02212535,-0.445128173,-0.003144975,-0.448273148
0.014419199,0.02827017,0.022480104,-0.058845259,0.007569317,-0.051275942
0.016820323,0.02742927,0.022849195,-0.397137195,-0.003046698,-0.400183893
0.016472289,0.027833331,0.022525096,-0.428754926,-0.0068588,-0.435613726
0.01509106,0.027707079,0.023334229,0.02754106,0.003544282,0.031085342
0.016405026,0.028087314,0.022398902,-0.448830456,0.001367852,-0.447462604
0.014520127,0.028324055,0.023092873,0.034125809,-0.007794298,0.026331511
0.017151127,0.027821468,0.023088975,-0.396029443,-0.010363026,-0.406392469
0.016929919,0.028027859,0.022864757,-0.417332262,-0.001044492,-0.418376754
0.017062763,0.028251629,0.022551023,-0.438630104,0.000409656,-0.438220448
0.016703608,0.028112857,0.023108341,-0.409599721,0.00099173,-0.408607991
0.01745397,0.027319517,0.024169713,0.041678235,-0.006752499,0.034925736
0.017679513,0.027547404,0.024324324,0.068966039,0.004226829,0.073192868
0.017384578,0.02801867,0.023909329,-0.313647211,-0.00348912,-0.317136331
0.016175134,0.026284196,0.023986252,0.09016709,-0.002535618,0.087631472
0.017219463,0.027407581,0.025307886,0.087525211,-0.013263873,0.074261338
0.01705543,0.026749715,0.024306092,0.11190436,-0.000354738,0.111549622
0.015609285,0.027173348,0.024682473,0.118222021,0.005382416,0.123604437
0.015624229,0.028040087,0.024405118,0.048991323,-0.005032026,0.043959297
0.015180812,0.028263504,0.024029054,0.034425963,0.006577346,0.041003309
0.014332424,0.027895659,0.023220304,0.058753096,0.005222722,0.063975818
0.013805764,0.028415812,0.022943156,0.034231976,-0.000705058,0.033526918
0.015982552,0.027220739,0.021257125,-0.43006134,0.002213983,-0.427847357
0.013924772,0.026858483,0.022360727,0.033023611,-0.007476709,0.025546902
0.019306913,0.027386824,0.025866767,0.028961247,0.00518779,0.034149037
0.019358562,0.027353182,0.025769049,0.03139725,0.006817397,0.038214647
0.019839704,0.027626723,0.025779989,0.027679673,0.003171502,0.030851175
0.019752603,0.027017823,0.025290776,0.088811748,-0.001944503,0.086867245
0.02040926,0.027258184,0.025456013,0.035533425,-0.001953221,0.033580204
0.020119142,0.027396502,0.025204465,0.050808925,-0.006280936,0.044527989
0.020358261,0.027521562,0.025269039,0.035479449,-0.002443736,0.033035713
0.020403387,0.026075726,0.025003238,0.159112245,0.012805172,0.171917417
0.02073078,0.026964122,0.024628289,0.144280002,-0.005875585,0.138404417
0.020997116,0.025995482,0.025766728,-0.029468171,-0.003745777,-0.033213948
0.021146637,0.027147247,0.02466871,0.088854224,-0.02325554,0.065598684
0.021275559,0.025746927,0.025797527,-0.040943775,-0.009107076,-0.050050851
0.020996695,0.025644334,0.026367165,-0.033061914,-0.006230487,-0.039292401
0.02112578,0.025068227,0.025060872,0.120572604,0.009885515,0.130458119
0.021596402,0.025383692,0.025072124,0.031093104,0.016098079,0.047191183
0.021608874,0.024983831,0.02504457,0.063104816,-2.06E-05,0.063084242
0.02170513,0.024504682,0.024184495,0.247196883,0.020384287,0.26758117
0.022293497,0.025174875,0.024496453,0.055865578,0.008513254,0.064378832
0.022747839,0.023995936,0.024036968,0.143231109,-0.005324896,0.137906213
0.021965338,0.02392537,0.023668239,0.216268793,0.000836595,0.217105388
0.021022899,0.024003927,0.023969088,0.227266327,0.008658811,0.235925138
0.02147284,0.023528973,0.025379499,0.042512484,0.00601122,0.048523704
0.02253617,0.022879222,0.024335221,0.178229764,0.014104268,0.192334032
0.02080198,0.023851683,0.023467146,0.113775045,0.00478989,0.118564935
0.020037182,0.023617638,0.025202164,0.312324524,-0.008230555,0.304093969
0.019841846,0.023850564,0.023516906,0.085501432,-0.003320758,0.082180674
0.019156937,0.025824999,0.027196096,-0.03638741,-0.004971959,-0.041359369
0.018539548,0.025724623,0.024877336,0.21023643,-0.003151997,0.207084433
0.019569896,0.025739169,0.024209565,0.187790781,0.003982486,0.191773267
0.019922676,0.024803514,0.025987536,0.031049693,0.009506719,0.040556412
0.019348396,0.024169894,0.025327573,0.285746396,-0.006452904,0.279293492
0.018578654,0.024167892,0.024765382,0.260710597,0.005047022,0.265757619
0.020679442,0.024465,0.025493417,0.091925874,0.002768574,0.094694448
0.019940974,0.024143914,0.026601428,0.014427744,0.013758794,0.028186538
0.01925781,0.023690885,0.025417769,0.311473995,-0.010961142,0.300512853
0.018710785,0.02210466,0.024205418,0.218018159,-0.018293361,0.199724798
0.01888448,0.022141883,0.024910387,0.351639062,-0.011398277,0.340240785
0.019418413,0.021727776,0.024548242,0.317586482,-0.007567407,0.310019075
0.019103555,0.022821609,0.02582179,0.306076407,-0.000640387,0.30543602
0.018798832,0.022157038,0.025672333,0.357748687,0.002132311,0.359880998
0.01982704,0.022048462,0.025353139,0.35046792,-0.003295783,0.347172137
0.01801574,0.022829892,0.02604647,0.31114319,0.006487182,0.317630372
0.018307675,0.02343289,0.02622271,0.200517371,0.002698017,0.203215388
0.020136874,0.022070272,0.025532205,0.299995273,-0.011269202,0.288726071
0.018809745,0.022175908,0.026245611,0.144322082,0.018970073,0.163292155
0.0212154,0.021580685,0.024265161,0.306071103,-0.012333181,0.293737922
0.019892786,0.022005059,0.02588162,0.152598098,-0.012810171,0.139787927
0.020523818,0.021140628,0.025009669,0.304132462,-0.003201634,0.300930828
0.020297492,0.020966588,0.025196623,0.291369289,-0.016158354,0.275210935
0.018512843,0.020088144,0.025626406,0.255136997,-0.002462131,0.252674866
0.019630272,0.019331373,0.025172915,0.163785726,-0.001169401,0.162616325
0.02073073,0.021767518,0.022586886,-0.1076167,0.013034719,-0.094581981
0.023114914,0.022853103,0.023571914,0.188879952,0.000674212,0.189554164
0.022315463,0.022576572,0.023211874,0.193749174,0.006729782,0.200478956
0.02219063,0.022630865,0.021989351,-0.119938143,-0.002209036,-0.122147179
0.022690518,0.02201518,0.022929473,0.177656129,-0.004917265,0.172738864
0.021844486,0.021545649,0.023391591,0.20326142,-0.005819507,0.197441913
0.0215535,0.021137012,0.022870718,0.06235446,-0.010615518,0.051738942
0.022305017,0.021480253,0.022467958,0.041077163,0.00675625,0.047833413
0.022078445,0.020843064,0.02285414,0.091136932,-0.005767839,0.085369093
0.022224393,0.020450365,0.023068346,0.101272024,-0.013167518,0.088104506
0.020807998,0.020780847,0.024472853,0.265754253,0.006603281,0.272357534
0.021599544,0.020709969,0.02470273,0.190901056,-0.000367855,0.190533201
0.021565815,0.019724945,0.024138289,0.131327048,-0.001787348,0.1295397
0.021597311,0.023100123,0.024216961,0.310625583,-0.008068611,0.302556972
0.017755071,0.023605801,0.024884058,0.27217865,-0.004822571,0.267356079
0.018310336,0.021456467,0.025303388,0.358955294,-0.00102103,0.357934264
0.020683847,0.0279507,0.019146374,-0.147259176,-0.001711932,-0.148971108
0.022017395,0.028819963,0.018454628,-0.038213946,-0.004293386,-0.042507332
0.020929838,0.027960721,0.019752368,-0.127433285,-0.002137552,-0.129570837
0.021134811,0.026952459,0.018258685,-0.122713394,0.008986134,-0.11372726
0.021988075,0.02844191,0.020386983,0.045241471,-0.006078438,0.039163033
0.021286117,0.02607088,0.019376051,-0.230399743,-0.000145589,-0.230545332
0.02208852,0.028443134,0.021143926,0.06469921,-0.00804822,0.05665099
0.02399835,0.029439613,0.018330047,-0.027289989,-0.00509367,-0.032383659
0.022456728,0.028858375,0.021262243,0.048038412,0.019548748,0.06758716
0.024279203,0.029233351,0.020295227,0.016322283,0.009740488,0.026062771
0.023259679,0.027414281,0.019749187,-0.040284947,0.013020599,-0.027264348
0.023517354,0.025588667,0.019811798,-0.038871616,0.007884753,-0.030986863
0.024253732,0.028078418,0.019811058,-0.052264564,0.010871163,-0.041393401
0.024585066,0.025717057,0.019832866,0.033392653,0.008334537,0.04172719
0.02447016,0.027625689,0.018548489,-0.050384004,0.002861395,-0.047522609
0.019260174,0.027174993,0.020310877,-0.413394451,-0.002026499,-0.41542095
0.022098012,0.027756382,0.016767671,-0.0903828,-0.010255316,-0.100638116
0.023923801,0.027621081,0.016652927,-0.080683485,0.007331912,-0.073351573
0.023925817,0.027965153,0.016755303,-0.085870147,-0.011956649,-0.097826796
0.022049315,0.028786056,0.017241079,-0.055306476,-0.004818236,-0.060124712
0.024217667,0.026907504,0.018020017,-0.07471402,0.000131198,-0.074582822
0.023441033,0.028763242,0.017068315,-0.069714077,-0.01832204,-0.088036117
0.024301497,0.028102096,0.017717766,-0.05181158,0.004376343,-0.047435237
0.023762958,0.029464664,0.01641145,-0.027918991,-0.010467986,-0.038386977
0.012153653,0.030836454,0.015891349,0.035206009,0.002615778,0.037821787
0.012728696,0.030804733,0.015815428,0.035277549,0.005301986,0.040579535
0.010599562,0.026838182,0.016834255,-0.037317645,-0.018512438,-0.055830083
0.011122931,0.027155938,0.017612809,-0.06500262,-0.008486215,-0.073488835
0.011343526,0.025758756,0.017202113,-0.126700625,-0.007585026,-0.134285651
0.010845122,0.027411716,0.017925583,-0.04945014,-0.01244082,-0.06189096
0.012215284,0.030249007,0.01734665,0.030937769,0.000326011,0.03126378
0.010805719,0.026666937,0.017993316,-0.068654046,0.001527165,-0.067126881
0.010823044,0.025769256,0.017323107,-0.101131864,0.006248719,-0.094883145
0.010615247,0.02635471,0.018088833,-0.063413575,0.000835577,-0.062577998
0.010180444,0.028259456,0.018799707,0.024006648,0.004339681,0.028346329
0.011019153,0.02564333,0.019098703,-0.016456414,-0.010329491,-0.026785905
0.010989017,0.029336447,0.019072143,0.016584877,0.011264901,0.027849778
0.012205055,0.029079497,0.019932654,0.030493969,0.007456021,0.03794999
0.011864566,0.029505823,0.019872602,0.034374621,0.012941283,0.047315904
0.010792068,0.022569437,0.017762531,0.139638007,0.006956151,0.146594158
0.010960449,0.023058839,0.018261017,0.183810681,0.008988856,0.192799537
0.012218357,0.024250325,0.018098082,-0.117105849,0.003400432,-0.113705417
0.010852729,0.024747845,0.019128285,0.043495178,0.01554665,0.059041828
0.010874311,0.026671352,0.019672014,-0.033640958,0.000919321,-0.032721637
0.011723205,0.024122512,0.017372046,-0.108506344,0.013548552,-0.094957792
0.010964898,0.023619039,0.017429166,0.058329567,-0.001790967,0.0565386
0.0163684,0.027766537,0.025727186,0.065835998,-0.001342445,0.064493553
0.015729753,0.026932698,0.025604639,0.117406748,0.004891192,0.12229794
0.016036443,0.027906071,0.026196409,0.050961327,0.00196173,0.052923057
0.015845919,0.02765259,0.026726378,0.030204125,0.000164226,0.030368351
0.014996261,0.027940596,0.02580764,0.055915866,-0.009258845,0.046657021
0.01526677,0.028136762,0.026627107,0.035846889,0.013236251,0.04908314
0.014797412,0.02865679,0.025295744,0.034896016,-0.005413301,0.029482715
0.013470408,0.028200379,0.025774153,0.033353787,-0.005997784,0.027356003
0.014726017,0.026850982,0.027327368,0.021084562,0.01030846,0.031393022
0.01357514,0.028920787,0.025049569,0.033808593,0.007372345,0.041180938
0.014158699,0.028677851,0.026934618,0.027890861,-0.002811234,0.025079627
0.012019673,0.028865703,0.023974428,0.030501122,-0.001894589,0.028606533
0.011630288,0.028924599,0.024795551,0.026745236,-0.001741494,0.025003742
0.014435907,0.026202843,0.02663043,-0.029541157,-0.001568492,-0.031109649
0.013855375,0.026148975,0.027028533,0.01669942,0.008517407,0.025216827
0.012819178,0.028180717,0.020012485,0.054043304,-0.005910831,0.048132473
0.012075911,0.028985307,0.020945314,0.033398878,-0.000692421,0.032706457
0.012466649,0.028861899,0.020981066,0.033613339,-0.007401847,0.026211492
0.012481199,0.028742708,0.021433821,0.033433612,-0.006331706,0.027101906
0.012454805,0.028529681,0.021940125,0.040417794,-0.004139828,0.036277966
0.012918031,0.028304556,0.023020217,0.041290697,0.005331943,0.04662264
0.012654327,0.028457623,0.022520436,0.039552212,-0.005118706,0.034433506
0.018146362,0.026095068,0.027344521,-0.029254217,-0.009644473,-0.03889869
0.017248793,0.025886342,0.026472177,0.04922381,-0.000190412,0.049033398
0.016904086,0.026222151,0.027520783,0.022595977,0.017915439,0.040511416
0.017109146,0.025921399,0.025688091,0.20350413,0.00920443,0.21270856
0.017727442,0.024819862,0.026532577,0.043501962,0.013341234,0.056843196
0.015747581,0.026020696,0.026927333,-0.03643702,-0.005646682,-0.042083702
0.018550525,0.024832236,0.025620457,0.246215492,0.005144041,0.251359533
0.01575339,0.025309987,0.027293436,0.017871769,0.015551516,0.033423285
0.017266398,0.023858827,0.025190251,0.291591942,0.001432653,0.293024595
0.01714387,0.023699088,0.025973775,0.283294231,-0.003564963,0.279729268
0.01629509,0.023527911,0.025600616,0.306822389,0.010261187,0.317083576
0.01783072,0.023026234,0.026356693,0.176059842,-0.007811474,0.168248368
0.019909548,0.027651038,0.024544772,0.075708635,-0.010380427,0.065328208
0.018648855,0.027518259,0.026409721,0.02955961,-0.002583298,0.026976312
0.019625993,0.027636493,0.025317939,0.028295882,-0.000364794,0.027931088
0.019037362,0.027325539,0.025308248,0.051583722,0.007798254,0.059381976
0.018028833,0.027694751,0.025452836,0.032243926,-0.003400644,0.028843282
0.017948812,0.02677176,0.02750833,0.024332961,0.009702074,0.034035035
0.017094379,0.027918791,0.026042717,0.033190366,-0.0047743,0.028416066
0.015972214,0.016193019,0.011897466,0.038126309,-0.005471709,0.0326546
0.015206007,0.017230922,0.012254869,0.056717821,0.008136778,0.064854599
0.017156132,0.014341321,0.011637935,0.025195008,0.001169927,0.026364935
0.016152233,0.016571762,0.010445627,0.052465435,-0.010880463,0.041584972
0.015845915,0.01679202,0.010117791,0.054271646,0.013256716,0.067528362
0.019545673,0.014560379,0.014747472,-0.024594724,-0.006631934,-0.031226658
0.017580178,0.013567954,0.014265278,-0.01479376,-0.011720134,-0.026513894
0.017228991,0.013902981,0.015473018,-0.034184296,-0.008167339,-0.042351635
0.016606782,0.014128379,0.015220638,-0.029963808,-0.000917498,-0.030881306
0.015236307,0.013854709,0.014220447,-0.013066489,-0.014438014,-0.027504503
0.017419796,0.012762853,0.016585693,-0.025742844,-0.003320405,-0.029063249
0.016884148,0.013860228,0.016693525,-0.03707026,0.005405447,-0.031664813
0.015114694,0.017474119,0.014693432,-0.037858885,0.001449534,-0.036409351
0.016964527,0.016466247,0.016055262,-0.058784094,0.002139924,-0.05664417
0.016398242,0.015777512,0.015854688,-0.042371009,-0.000671559,-0.043042568
0.017477784,0.019121775,0.015020985,-0.157552138,-0.00074089,-0.158293028
0.016951641,0.019215029,0.013532685,-0.008150405,-0.017121131,-0.025271536
0.019539993,0.019802915,0.012717999,0.086659342,-0.015007295,0.071652047
0.012134533,0.021871889,0.02125448,0.140938744,-0.003534051,0.137404693
0.011688675,0.021980569,0.020508291,0.19186601,0.00051719,0.1923832
0.01313942,0.021573003,0.021209704,-0.074184455,0.005163005,-0.06902145
0.012174578,0.021919638,0.020025728,0.036992781,0.013292061,0.050284842
0.01135031,0.021597914,0.020185808,0.180201963,0.002442362,0.182644325
0.011394076,0.021973612,0.019858511,0.210389569,0.006331497,0.216721066
0.013636869,0.021415277,0.020140663,-0.199150965,-0.004053371,-0.203204336
0.013001693,0.020050088,0.020796843,0.065411769,0.001660667,0.067072436
0.012469683,0.021717928,0.019237246,-0.048525885,0.009573876,-0.038952009
0.013658368,0.019822493,0.022856185,0.161944062,-0.002824912,0.15911915
0.014266377,0.01971844,0.021492865,-0.094471239,0.00790593,-0.086565309
0.014523361,0.019873226,0.020832667,-0.222823396,-0.00315302,-0.225976416
0.012517342,0.019680599,0.019666404,0.090208493,0.001621941,0.091830434
0.013498457,0.020089284,0.019198364,-0.196733341,-0.003121069,-0.19985441
0.014357173,0.019163439,0.021508895,-0.061811745,-0.000239677,-0.062051422
0.013571041,0.018878479,0.021488488,0.073471658,-0.000330599,0.073141059
0.01400771,0.018993601,0.019902449,-0.142078951,0.002842903,-0.139236048
0.013482921,0.01905275,0.018867023,-0.139019474,-0.005599558,-0.144619032
0.012074917,0.019508246,0.018682292,0.092951961,0.000932451,0.093884412
0.012249734,0.019481421,0.018471524,0.056383837,0.008275078,0.064658915
0.013877587,0.018937059,0.018477028,-0.185036197,-0.003659251,-0.188695448
0.014643002,0.018379614,0.020214932,-0.132719144,0.005868068,-0.126851076
0.011838684,0.019794831,0.017495299,0.07023795,0.00796362,0.07820157
0.014649661,0.018092956,0.020648982,-0.097775407,-0.002230732,-0.100006139
0.014887892,0.018955344,0.017880229,-0.216893971,-0.015391995,-0.232285966
0.013421097,0.018025588,0.019106818,-0.059797037,-0.004348628,-0.064145665
0.013700581,0.017709969,0.020065092,-0.031583656,-0.003764875,-0.035348531
0.010941533,0.022134174,0.017143959,0.157864809,-0.004866235,0.152998574
0.012222212,0.022709768,0.018162638,-0.152507156,0.004957199,-0.147549957
0.011419583,0.022355527,0.020572739,0.215713933,-0.00233025,0.213383683
0.012913226,0.021351442,0.017736856,-0.247425377,-0.012718491,-0.260143868
0.013600197,0.020772869,0.018968377,-0.255073428,0.001963807,-0.253109621
0.014414602,0.018139076,0.018745961,-0.137508154,0.005101579,-0.132406575
0.014566548,0.017470101,0.020562891,-0.074668504,-0.011319578,-0.085988082
0.015842125,0.017258983,0.019943317,-0.105201393,0.000673549,-0.104527844
0.01483866,0.017072927,0.020554362,-0.07648582,0.000503043,-0.075982777
0.013693971,0.016930305,0.018699974,-0.043568086,0.01324016,-0.030327926
0.01648628,0.016592307,0.018708143,-0.086327165,0.00526603,-0.081061135
0.015872641,0.016250599,0.019553656,-0.076927915,0.014149457,-0.062778458
0.015169802,0.016007949,0.020225799,-0.055957124,-0.012690591,-0.068647715
0.015302825,0.016394751,0.018309357,-0.081564441,-0.003213859,-0.0847783
0.017086158,0.0309554,0.009109137,0.034788646,-0.005210952,0.029577694
0.016981639,0.03003181,0.009847214,0.050607298,0.007769027,0.058376325
0.016382044,0.031082446,0.009950458,0.028806699,0.008491443,0.037298142
0.017293602,0.031742651,0.009204786,0.029073652,-0.002842832,0.02623082
0.017868046,0.03114168,0.008936508,0.027545171,4.92E-05,0.027594356
0.017098535,0.030969158,0.009991044,0.031016877,0.002900132,0.033917009
0.016772371,0.030597974,0.010529299,0.029729722,-0.002780395,0.026949327
0.018069515,0.03047926,0.009801822,0.041569833,-0.016054309,0.025515524
0.01749735,0.031099567,0.01021835,0.03070268,0.009618563,0.040321243
0.017661475,0.030761251,0.010471208,0.034404066,0.002659331,0.037063397
0.018388901,0.030818323,0.009400604,0.032388978,-0.004486844,0.027902134
0.018537892,0.03062216,0.010491972,0.045775414,0.001340811,0.047116225
0.018363876,0.031202065,0.010071967,0.033308271,-0.001789924,0.031518347
0.01839496,0.031266328,0.010372413,0.032987878,-0.000849611,0.032138267
0.018911863,0.03086129,0.009745929,0.033937134,0.009476859,0.043413993
0.018339938,0.031583656,0.010135321,0.029655468,-0.002473518,0.02718195
0.019187214,0.030510319,0.009212333,0.028803688,0.007850414,0.036654102
0.018374646,0.031913776,0.010018262,0.02586885,0.009125814,0.034994664
0.019165697,0.031305824,0.010183107,0.029104142,0.014417998,0.04352214
0.019323465,0.031176932,0.010344749,0.031067204,0.002332715,0.033399919
0.019852769,0.030600527,0.011238711,0.047375675,-0.002584031,0.044791644
0.019746132,0.031000685,0.010041767,0.025807815,0.011025061,0.036832876
0.019290615,0.031659767,0.011249199,0.024372641,0.00269364,0.027066281
0.02048572,0.030095451,0.010375197,0.039166242,-0.013242351,0.025923891
0.020219572,0.03098936,0.010942622,0.027106294,7.41E-05,0.027180356
0.020712657,0.030613665,0.010939554,0.025464848,0.001190684,0.026655532
0.018410169,0.029490365,0.009407872,0.065822333,0.002570085,0.068392418
0.018513696,0.028623663,0.010003067,0.112651333,0.002059198,0.114710531
0.019174704,0.029559868,0.010165142,0.076450169,0.002577792,0.079027961
0.019265339,0.02801542,0.01142355,0.134187534,-0.00082418,0.133363354
0.020116957,0.029139217,0.011213601,0.091313511,-0.004928703,0.086384808
0.018757977,0.02878424,0.012420577,0.086689159,0.012064611,0.09875377
0.017351499,0.029942663,0.011789453,0.048670307,0.002124991,0.050795298
0.017146606,0.028920356,0.010970898,0.098473869,0.004738412,0.103212281
0.018465854,0.030476708,0.012563141,0.026345618,0.002691341,0.029036959
0.012594076,0.025493829,0.011293084,0.205525652,-0.008470116,0.197055536
0.012231933,0.024767404,0.008399308,0.030885495,0.003951997,0.034837492
0.011527336,0.024845151,0.010696274,0.239098564,-0.008548594,0.23054997
0.012370903,0.027420994,0.008982681,0.120933451,0.01080018,0.131733631
0.011618656,0.024864459,0.009231508,0.085049532,-0.005904574,0.079144958
0.011810293,0.024519118,0.012137958,0.194716349,-0.002847942,0.191868407
0.011071556,0.024290729,0.011965144,0.205801085,-0.005475843,0.200325242
0.011027576,0.024587898,0.011789988,0.184568867,0.002107588,0.186676455
0.011264021,0.025987033,0.012256946,0.123740189,-0.01670696,0.107033229
0.010985377,0.025706705,0.01198114,0.141120657,0.001354917,0.142475574
0.011022015,0.024228685,0.012428095,0.175715372,0.005191882,0.180907254
0.010574346,0.024133015,0.009902933,-0.013142716,-0.014023485,-0.027166201
0.010622514,0.024959859,0.011242955,0.091121145,0.008157759,0.099278904
0.010491177,0.02563032,0.010908487,0.042363599,-0.001014576,0.041349023
0.010535983,0.026802911,0.011330155,0.055154175,0.002049365,0.05720354
0.010471902,0.026977222,0.011488321,0.04544254,0.009902992,0.055345532
0.010567391,0.027775632,0.010479688,0.055166826,-0.014735938,0.040430888
0.010440073,0.030020027,0.01293728,0.023309251,0.016498736,0.039807987
0.010703017,0.030518891,0.012157772,0.024752088,0.008571431,0.033323519
0.011418392,0.03010411,0.012056683,0.02768244,0.004093601,0.031776041
0.011694909,0.028939353,0.011425534,0.066381685,0.009504165,0.07588585
0.010447981,0.028533444,0.01121506,0.045282114,-0.009674478,0.035607636
0.011244127,0.028187525,0.011336202,0.077608846,0.009616325,0.087225171
0.01175503,0.028471511,0.011050098,0.085399985,-0.015911959,0.069488026
0.010923515,0.030386984,0.010148549,0.024935877,0.006385614,0.031321491
0.020798111,0.029761756,0.009218127,0.016780291,0.010836074,0.027616365
0.020981714,0.029263534,0.010123322,0.046446305,0.000101779,0.046548084
0.021308737,0.029256599,0.009805583,0.028862568,-0.002903327,0.025959241
0.021074086,0.028681364,0.010151036,0.065566041,0.000606862,0.066172903
0.021074997,0.029470796,0.008948793,0.012472933,0.015541456,0.028014389
0.02130137,0.028618475,0.010092753,0.05745386,-0.004851504,0.052602356
0.021041144,0.028270844,0.009807258,0.072297663,-0.006375888,0.065921775
0.021414751,0.028068591,0.010540009,0.091575228,-0.014972374,0.076602854
0.020896079,0.029064637,0.00867608,0.01381546,0.012431097,0.026246557
0.02048363,0.026924402,0.009616875,0.144063041,0.001045528,0.145108569
0.020158028,0.025863942,0.01068896,0.219883233,-0.003826597,0.216056636
0.019812686,0.026803201,0.008883295,0.133753479,-0.009522448,0.124231031
0.02073006,0.027245728,0.008408243,0.031961754,0.003113843,0.035075597
0.019638859,0.026601609,0.008412955,0.108384363,0.003257236,0.111641599
0.020306187,0.026548958,0.008302725,0.059116524,-0.005146418,0.053970106
0.01856556,0.025950497,0.008970087,0.198067322,-0.014271516,0.183795806
0.018541699,0.026826922,0.008049819,0.085775562,0.00193633,0.087711892
0.019676486,0.025022753,0.009040676,0.210632607,-0.005106211,0.205526396
0.020294994,0.02593893,0.008144176,0.054241747,0.00233682,0.056578567
0.018196786,0.025291702,0.0083016,0.188152283,0.001839162,0.189991445
0.018479267,0.026114009,0.007716775,0.055443984,-0.000434792,0.055009192
0.017905137,0.025308289,0.007844032,0.123743758,0.012167824,0.135911582
0.01779519,0.025434898,0.007475055,0.032574866,-0.001291687,0.031283179
0.020832608,0.024921656,0.009694471,0.21351698,-0.002119776,0.211397204
0.018952921,0.024494372,0.009121587,0.232402593,0.005203095,0.237605688
0.02037048,0.024585309,0.008503284,0.144898281,-0.006194735,0.138703546
0.019190393,0.026312169,0.010780332,0.201406106,0.003658667,0.205064773
0.018640332,0.029355196,0.017923189,-0.342090666,-0.004703097,-0.346793763
0.017878119,0.029540533,0.017738193,-0.361311316,0.004180963,-0.357130353
0.017993141,0.029514883,0.018141134,-0.378801674,0.006982062,-0.371819612
0.017523769,0.029028593,0.017549282,-0.362729371,-0.001383145,-0.364112516
0.018650811,0.029129993,0.018733919,-0.392001361,0.005147151,-0.38685421
0.017663807,0.028618062,0.017803073,-0.377835155,-0.006203734,-0.384038889
0.018585473,0.029363323,0.018908382,-0.4039433,0.017759019,-0.386184281
0.017466908,0.029436234,0.018158592,-0.388752818,-0.00646614,-0.395218958
0.017674349,0.028700162,0.018612055,-0.41214022,8.33E-05,-0.412056909
0.017378947,0.028548023,0.018619465,-0.415040016,0.001293404,-0.413746612
0.017414758,0.028008455,0.018034995,-0.393457741,-0.004821644,-0.398279385
0.017222455,0.028789403,0.018763807,-0.426249027,-0.001546675,-0.427795702
0.018818332,0.028525448,0.020036489,-0.429711789,-0.009794477,-0.439506266
0.018042026,0.02768006,0.019831166,-0.43331477,0.003951848,-0.429362922
0.018561818,0.027920883,0.020414705,-0.432421803,-0.015335853,-0.447757656
0.01868326,0.02848261,0.020641098,-0.444368303,-0.003289652,-0.447657955
0.018353397,0.026734574,0.020630654,-0.417879105,0.00598916,-0.411889945
0.018463397,0.028806109,0.020610463,-0.46227181,-0.001448032,-0.463719842
0.017359478,0.02926717,0.017112345,-0.312376291,-0.00366968,-0.316045971
0.018300554,0.027167745,0.018139565,-0.405064881,0.002297734,-0.402767147
0.019358486,0.028499987,0.021278616,-0.414286077,-0.002263266,-0.416549343
0.019218337,0.028552473,0.021940148,-0.414451748,-0.016863103,-0.431314851
0.020108715,0.02869569,0.022086851,-0.395162702,0.003698513,-0.391464189
0.019222742,0.029395443,0.018105114,-0.097977817,-0.011806144,-0.109783961
0.019353055,0.029207945,0.018502159,-0.30310756,0.005341153,-0.297766407
0.019306064,0.029526258,0.018810047,-0.358221054,0.001969024,-0.35625203
0.019398356,0.0283194,0.01820986,-0.312128276,-0.023426435,-0.335554711
0.01886417,0.029194715,0.019035697,-0.396566272,0.001894976,-0.394671296
0.019400805,0.02881648,0.019449493,-0.392082214,-0.006545315,-0.398627529
0.019610809,0.028552659,0.019515537,-0.391828209,-0.003072821,-0.39490103
0.0194133,0.028693542,0.019833973,-0.402874529,-0.009755111,-0.41262964
0.019689942,0.028696023,0.019939568,-0.394722134,0.010726517,-0.383995617
0.018897664,0.029011255,0.019867506,-0.429374695,-0.00204089,-0.431415585
0.020351231,0.028184937,0.020040533,-0.37789914,-0.009563798,-0.387462938
0.019776924,0.027741138,0.020131169,-0.406044573,0.014353977,-0.391690596
0.019990876,0.028111631,0.020573705,-0.401519656,-0.002300658,-0.403820314
0.019994237,0.02900143,0.020689435,-0.392034084,0.006627567,-0.385406517
0.02026128,0.028099617,0.021081653,-0.400948286,-0.000954944,-0.40190323
0.020596687,0.028663719,0.021235542,-0.359824061,-0.000657354,-0.360481415
0.020192573,0.028979948,0.021386461,-0.393948197,-0.004622754,-0.398570951
0.020405553,0.028994815,0.021906873,-0.389968514,-0.006788425,-0.396756939
0.021623183,0.013772038,0.022231529,-0.029944137,-0.000286829,-0.030230966
0.022649435,0.01406146,0.021302134,-0.030258777,-0.007241113,-0.03749989
0.020022435,0.01409209,0.022434874,-0.025647013,-0.003751113,-0.029398126
0.020847762,0.016545326,0.020794498,-0.073953487,-0.010785864,-0.084739351
0.020667492,0.016844679,0.019373393,-0.092415042,0.003622084,-0.088792958
0.020663517,0.016030219,0.019269902,-0.073579148,0.010405998,-0.06317315
0.021215223,0.015663264,0.01976575,-0.070561737,0.005720619,-0.064841118
0.020566715,0.014930108,0.018978557,-0.05164269,-0.006285238,-0.057927928
0.022792757,0.014747595,0.019717155,-0.042044636,-0.00559204,-0.047636676
0.02071733,0.013782387,0.019437542,-0.035670765,-0.009144072,-0.044814837
0.021849979,0.0136936,0.020840507,-0.036565021,0.003811832,-0.032753189
0.019978166,0.013376782,0.019697666,-0.026098765,-0.003137627,-0.029236392
0.01984339,0.016080638,0.018148337,-0.074518368,0.006514613,-0.068003755
0.022751421,0.016479326,0.018861089,-0.064359881,-0.002323289,-0.06668317
0.021433115,0.014538184,0.017417995,-0.037599739,-0.002694109,-0.040293848
0.020973211,0.015237972,0.017446449,-0.047872663,0.00394866,-0.043924003
0.021833068,0.013823122,0.01836551,-0.037935618,0.006977327,-0.030958291
0.019647462,0.01689991,0.020370776,-0.087329269,-0.012956707,-0.100285976
0.018550379,0.015975036,0.020487744,-0.060940612,-0.007831453,-0.068772065
0.016942646,0.01558983,0.021002982,-0.048241206,0.002616745,-0.045624461
0.018082665,0.014709193,0.020618277,-0.033570048,-0.010935128,-0.044505176
0.018413506,0.014081472,0.022048334,-0.024414767,-0.014038255,-0.038453022
0.018573346,0.016487962,0.019104332,-0.087627627,-0.01644372,-0.104071347
0.017930972,0.014156607,0.022702036,-0.013464405,-0.018716292,-0.032180697
0.017748591,0.014167253,0.020505944,-0.029683176,-0.004060867,-0.033744043
0.017309487,0.015217424,0.019439625,-0.045405317,-0.008407923,-0.05381324
0.019576706,0.014386848,0.019359358,-0.038266823,0.006278927,-0.031987896
0.016858274,0.014760841,0.019303002,-0.04596781,0.000202236,-0.045765574
0.016062973,0.014934802,0.019715423,-0.049835194,-0.003410964,-0.053246158
0.015516228,0.015378624,0.019672247,-0.051714707,0.005622984,-0.046091723
0.015438898,0.015516497,0.019837778,-0.05196574,-0.007366527,-0.059332267
0.016413564,0.014320876,0.019144867,-0.040781558,0.009399157,-0.031382401
0.016066691,0.014466807,0.01923403,-0.036601145,-0.003788776,-0.040389921
0.016956495,0.013571343,0.01894559,-0.030047851,-0.001018869,-0.03106672
0.017762143,0.013880855,0.017238775,-0.036328785,0.005625478,-0.030703307
0.017857889,0.014553742,0.01817913,-0.036655188,-0.013281509,-0.049936697
0.017332692,0.012764847,0.017786164,-0.019780273,-0.008274892,-0.028055165
0.018062355,0.015864549,0.018399118,-0.066372275,0.011739002,-0.054633273
0.019032251,0.015532987,0.017068127,-0.057606857,0.001086856,-0.056520001
0.015499108,0.015648291,0.02013563,-0.055634737,-0.000917053,-0.05655179
0.018087134,0.01600658,0.022815267,-0.022880953,-0.004912617,-0.02779357
0.017900951,0.01557708,0.022163393,-0.032131601,-0.000748621,-0.032880222
0.019295784,0.015674532,0.023238029,-0.020386484,-0.00761071,-0.027997194
0.017257195,0.03114732,0.008404789,0.027175374,0.006361917,0.033537291
0.017113518,0.030930143,0.0078548,0.020053849,0.005440983,0.025494832
0.017802959,0.030834269,0.00784172,0.018613149,0.008454748,0.027067897
0.01761443,0.029921809,0.008145267,0.029985344,0.00178055,0.031765894
0.017741559,0.02988844,0.007879072,0.02323897,0.00927377,0.03251274
0.018544847,0.029977866,0.008364036,0.023982409,0.007915453,0.031897862
0.018725431,0.029360345,0.008586252,0.039601442,0.006180596,0.045782038
0.018909095,0.030129023,0.007832999,0.012921054,0.012860123,0.025781177
0.019355759,0.029756775,0.009114723,0.039018452,-0.001614444,0.037404008
0.018871076,0.027642708,0.008763125,0.101109393,0.00899373,0.110103123
0.017702021,0.027156143,0.008362462,0.129366979,0.006068176,0.135435155
0.019247949,0.027682912,0.009629238,0.141882092,-0.00931241,0.132569682
0.016652331,0.030592693,0.007930997,0.027401673,0.008354943,0.035756616
0.016899059,0.031390533,0.008700343,0.030430328,0.003913527,0.034343855
0.016993471,0.030071769,0.008872286,0.04531353,-0.001140545,0.044172985
0.017919732,0.030683206,0.008491723,0.02516295,0.00056096,0.02572391
0.016392609,0.024056161,0.007440176,0.053078581,-0.009618179,0.043460402
0.016648348,0.023774432,0.00749041,0.055760596,0.001414205,0.057174801
0.016470604,0.023498513,0.007916823,0.171339542,-0.01239292,0.158946622
0.01605442,0.023010459,0.007697117,0.072727658,-0.002811739,0.069915919
0.016555253,0.022926677,0.007681692,0.082420923,-0.003781292,0.078639631
0.016877633,0.023401326,0.009376752,0.255423635,-0.003332071,0.252091564
0.017372428,0.022907807,0.008172346,0.200864673,5.61E-05,0.200920787
0.016790755,0.022452362,0.008641738,0.221860707,-0.018873625,0.202987082
0.017815832,0.023194863,0.009835504,0.258954793,-0.002699839,0.256254954
0.015986271,0.021646446,0.008891154,0.204219162,-0.008262741,0.195956421
0.016517405,0.02154184,0.008524372,0.180034891,-0.005669563,0.174365328
0.01870985,0.023427939,0.010458414,0.258798927,-0.02234652,0.236452407
0.01937313,0.023683688,0.00785157,0.112323768,2.50E-05,0.112348742
0.016680695,0.021004144,0.008912794,0.188446283,0.012286917,0.2007332
0.018417595,0.021866581,0.00921927,0.222885281,-0.000750465,0.222134816
0.018828627,0.021973603,0.009371107,0.226765916,-0.008401216,0.2183647
0.017640581,0.021174341,0.008507499,0.176400617,0.006976492,0.183377109
0.01967774,0.022574304,0.009094318,0.226669639,-0.004206497,0.222463142
0.01965344,0.022378726,0.008651414,0.206952929,-0.00169382,0.205259109
0.019707732,0.022391804,0.008023519,0.113006823,-0.011266254,0.101740569
0.018745802,0.020774845,0.010811984,0.20204252,-0.003286336,0.198756184
0.019637749,0.02192793,0.008278206,0.167189315,-0.004582485,0.16260683
0.018252995,0.019943925,0.009951771,0.166332677,0.015847485,0.182180162
0.020719504,0.022455486,0.008560025,0.118588097,0.000690782,0.119278879
0.020051975,0.02158008,0.008273855,0.121349886,0.000381716,0.121731602
0.017083345,0.018973369,0.00977009,0.125809282,-0.006575571,0.119233711
0.020418434,0.021049107,0.008691062,0.14755407,-0.017145831,0.130408239
0.021053655,0.0239073,0.009469899,0.214208186,0.004206304,0.21841449
0.017265951,0.01806169,0.010411537,0.095885508,-0.00477964,0.091105868
0.017838134,0.017708924,0.008974762,0.031826105,0.005485507,0.037311612
0.01991917,0.018304611,0.010089846,0.077449024,0.007155506,0.08460453
0.019730307,0.018695913,0.009231437,0.076150149,0.006247033,0.082397182
0.018064875,0.019233687,0.009975697,0.136935145,-0.010386633,0.126548512
0.01918404,0.019682987,0.009009692,0.125279084,0.000688745,0.125967829
0.017039418,0.01930551,0.011324786,0.149999782,0.01651803,0.166517812
0.022208547,0.01706711,0.015354639,-0.023470366,-0.01535878,-0.038829146
0.022332946,0.014097041,0.015560791,-0.029900445,-0.002033386,-0.031933831
0.020996874,0.014564595,0.015629742,-0.029393854,-0.012244355,-0.041638209
0.020660345,0.016697811,0.015948925,-0.058324702,0.00208887,-0.056235832
0.020348867,0.030805746,0.012116578,0.029894332,-0.001971221,0.027923111
0.019460714,0.030035423,0.012810889,0.048466664,0.015534077,0.064000741
0.02059773,0.030017309,0.012055647,0.047787972,-0.009656389,0.038131583
0.021031441,0.03028772,0.012093238,0.029609121,0.004104944,0.033714065
0.020987263,0.029171255,0.01312467,0.053846628,-0.008470659,0.045375969
0.020684939,0.028890826,0.012157948,0.082341522,0.006020607,0.088362129
0.020471437,0.029300796,0.010927096,0.076092154,-0.008494243,0.067597911
0.021428479,0.029902415,0.01173403,0.030720256,-0.000181434,0.030538822
0.021466875,0.030670628,0.011187255,0.020299753,0.006587681,0.026887434
0.02158355,0.029077536,0.012352192,0.05735293,-0.00469214,0.05266079
0.020810697,0.028812643,0.010922887,0.083980545,0.010694687,0.094675232
0.021437226,0.028099861,0.012384083,0.124080047,-0.002208832,0.121871215
0.022413926,0.029403245,0.01311007,0.023311038,0.01073287,0.034043908
0.021773091,0.029838773,0.010619924,0.019216245,0.011793564,0.031009809
0.022373399,0.02947971,0.011751854,0.023435615,0.001603949,0.025039564
0.02269108,0.017930619,0.011844674,0.053180281,-0.003073808,0.050106473
0.021984408,0.017726025,0.011214209,0.045677263,0.009342949,0.055020212
0.022331739,0.018629229,0.012101253,0.092757881,-0.006605215,0.086152666
0.021937205,0.017852612,0.010624652,0.04862497,-0.004085349,0.044539621
0.021063989,0.017432159,0.010515222,0.034199551,0.00264791,0.036847461
0.021654317,0.017835738,0.009901202,0.048778139,-0.018971618,0.029806521
0.020754516,0.017483955,0.009919059,0.033976425,0.012284895,0.04626132
0.021033123,0.018700283,0.009352307,0.078364454,0.004489019,0.082853473
0.017255619,0.014964656,0.011097336,0.029791063,0.002750175,0.032541238
0.016485306,0.015763143,0.010297017,0.032979049,-0.000875573,0.032103476
0.01765029,0.017442644,0.011060066,0.07335528,0.022124515,0.095479795
0.013242902,0.023182513,0.02048355,-0.187357768,-0.007916344,-0.195274112
0.01407012,0.025153797,0.019000003,-0.399255037,0.005962874,-0.393292163
0.012743573,0.025366752,0.020353707,-0.040600557,0.012955404,-0.027645153
0.012021392,0.02607039,0.01978937,0.041430045,-0.001502964,0.039927081
0.015289469,0.025859064,0.020623343,-0.416761398,0.009373909,-0.407387489
0.015621023,0.025137089,0.019932061,-0.428743571,-0.002286937,-0.431030508
0.015778808,0.023965003,0.021609036,-0.447865903,-0.003112554,-0.450978457
0.016947202,0.025345365,0.019849321,-0.427521825,-0.006427424,-0.433949249
0.016709866,0.026419608,0.019605955,-0.42429629,-0.012734838,-0.437031128
0.013952438,0.023566561,0.019647818,-0.346252948,-0.004032165,-0.350285113
0.014665897,0.022288742,0.019760856,-0.426169097,-0.007018114,-0.433187211
0.01650757,0.027061088,0.018287577,-0.405242711,-0.002322838,-0.407565549
0.016708737,0.026129233,0.018954573,-0.421040565,0.005192168,-0.415848397
0.015593334,0.025981246,0.01927392,-0.418302536,-0.006410225,-0.424712761
0.013497701,0.026417328,0.017953195,-0.18547824,0.011089924,-0.174388316
0.012686633,0.027480491,0.01918824,0.024546329,0.00665869,0.031205019
0.016050713,0.027323317,0.02062241,-0.43555209,-0.002572182,-0.438124272
0.016698156,0.028649012,0.018837396,-0.423189044,-0.001500169,-0.424689213
0.017153919,0.028400296,0.019683635,-0.464158475,0.003254812,-0.460903663
0.018157147,0.02646404,0.02033525,-0.420759052,0.001015418,-0.419743634
0.017299004,0.028428072,0.020127174,-0.481116086,0.008776893,-0.472339193
0.016545778,0.028012071,0.020027096,-0.453797609,-0.000699893,-0.454497502
0.017449085,0.028281221,0.020776982,-0.480378479,0.004347053,-0.476031426
0.017245395,0.0261098,0.02166849,-0.405304611,0.002037347,-0.403267264
0.017733431,0.026413672,0.022219405,-0.387772024,-0.011240724,-0.399012748
0.016020725,0.028598832,0.020470919,-0.484700531,0.007084681,-0.47761585
0.017640557,0.024844009,0.022726601,-0.304062694,0.003800205,-0.300262489
0.018929454,0.026000837,0.019939566,-0.420630842,-0.003814916,-0.424445758
0.01954457,0.02470972,0.020170452,-0.42918542,-0.001490134,-0.430675554
0.019487156,0.024480807,0.019277111,-0.432048231,0.000663956,-0.431384275
0.015310794,0.028366603,0.019109139,-0.40103519,0.004691084,-0.396344106
0.015278126,0.028564939,0.019628163,-0.420193821,0.003196132,-0.416997689
0.015239451,0.028865673,0.019623166,-0.417042702,-0.001382824,-0.418425526
0.014357172,0.028367851,0.019905921,-0.396887541,0.007536995,-0.389350546
0.013378634,0.027015453,0.020394705,-0.145822987,0.013529518,-0.132293469
0.015190668,0.027206669,0.020246301,-0.418359816,-0.017277551,-0.435637367
0.015979935,0.027711721,0.020350065,-0.443067491,0.008788334,-0.434279157
0.015487019,0.02792191,0.020317495,-0.439389586,-0.003402628,-0.442792214
0.015431427,0.028338874,0.020232536,-0.448724657,0.009394957,-0.4393297
0.023015471,0.02240024,0.014292959,0.181141332,0.000651898,0.18179323
0.023122039,0.023607321,0.012950693,0.168742299,0.005153882,0.173896181
0.022199281,0.024214855,0.012140445,0.266261429,0.00160791,0.267869339
0.021077745,0.023724703,0.011957891,0.241246313,-0.000415156,0.240831157
0.022926135,0.023197439,0.012083263,0.16815038,0.004233322,0.172383702
0.022218131,0.02180084,0.012945565,0.191010371,-0.001606158,0.189404213
0.021506876,0.021883354,0.012728718,0.182962716,-0.0010495,0.181913216
0.02267009,0.02471149,0.011298918,0.132304162,-0.00572329,0.126580872
0.022523558,0.022246571,0.012192635,0.234254077,0.018922625,0.253176702
0.022133738,0.020218555,0.013097443,0.101230316,0.005294934,0.10652525
0.023105897,0.020648258,0.013049997,0.13569212,0.001040281,0.136732401
0.021024652,0.022456549,0.010806369,0.245571733,-0.006061781,0.239509952
0.021569369,0.021594089,0.011345307,0.218679115,0.011480598,0.230159713
0.022656985,0.021993375,0.01162689,0.18839258,-0.010940696,0.177451884
0.021188337,0.022590496,0.010108567,0.242368922,0.008230057,0.250598979
0.022123728,0.025154533,0.009749397,0.063459344,0.002511359,0.065970703
0.022493318,0.020649981,0.012036624,0.183828756,0.003888263,0.187717019
0.021614321,0.023744235,0.00958652,0.1557118,-0.006862916,0.148848884
0.021276444,0.022999516,0.009510635,0.201612785,-0.005398938,0.196213847
0.022169419,0.021089908,0.010895588,0.197817326,0.00590329,0.203720616
0.021056503,0.020113327,0.012249364,0.118904531,-0.008867194,0.110037337
0.019766787,0.023066089,0.010366192,0.252390504,-0.001116283,0.251274221
0.021376852,0.018399626,0.012370584,0.067292333,0.012284325,0.079576658
0.022896929,0.019039154,0.011811971,0.097708084,-0.001479509,0.096228575
0.022100011,0.019572986,0.012575076,0.103432983,-0.007090189,0.096342794
0.020031286,0.019409051,0.011629396,0.108587176,0.005782245,0.114369421
0.022337977,0.019087533,0.010292457,0.073015302,-0.001833137,0.071182165
0.022393072,0.019457471,0.010559106,0.091833226,-0.000988935,0.090844291
0.02081413,0.019966912,0.010377761,0.161393881,0.011462482,0.172856363
0.021861862,0.020351073,0.010800425,0.177973494,0.010744432,0.188717926
0.017954495,0.020903301,0.013402609,-0.025158674,-0.000538561,-0.025697235
0.019015467,0.021242084,0.012743543,0.061256632,-0.002279897,0.058976735
0.01925816,0.020492209,0.012088425,0.150912896,-1.59E-07,0.150912737
0.021836983,0.022440719,0.015073445,-0.048757851,0.009410756,-0.039347095
0.021795424,0.02115825,0.015297117,-0.05775293,-0.003576479,-0.061329409
0.023102807,0.025299758,0.013328261,0.152064562,-0.004658281,0.147406281
0.022646323,0.025925126,0.013017614,0.193915337,0.009396765,0.203312102
0.021909125,0.024925698,0.013841994,0.122054666,0.00875234,0.130807006
0.022229241,0.02658952,0.011810234,0.172307253,-0.000276995,0.172030258
0.021882756,0.024930552,0.014884044,0.035223,0.009085504,0.044308504
0.021135662,0.02534437,0.013365114,0.115047753,0.007677934,0.122725687
0.02160532,0.025117992,0.015537277,-0.088452198,-0.001914939,-0.090367137
0.022564061,0.027433354,0.01224058,0.097070687,-0.002522358,0.094548329
0.023141278,0.027513132,0.013083933,0.022506723,0.006353372,0.028860095
0.022436786,0.027853068,0.012740873,0.099235036,0.016536445,0.115771481
0.023820764,0.025716584,0.01526417,0.0814403,-0.002477182,0.078963118
0.022324571,0.027945565,0.01346095,0.110316195,-0.009572876,0.100743319
0.022042435,0.028197398,0.01319783,0.108120859,-0.007349587,0.100771272
0.021107785,0.028486751,0.014648695,0.045565002,-0.008972206,0.036592796
0.023855165,0.025124425,0.017347967,0.188166812,-0.013531941,0.174634871
0.022568401,0.029039459,0.013464619,0.02829054,0.013330705,0.041621245
0.024350094,0.025385318,0.018146562,0.131490275,0.00355655,0.135046825
0.021691017,0.026796738,0.01104385,0.17198351,0.003006103,0.174989613
0.02185121,0.026147164,0.009617114,0.079899855,0.009336147,0.089236002
0.023145981,0.023434252,0.014747482,0.179432705,-0.000222985,0.17920972
0.022904489,0.02474265,0.013967591,0.211191744,-0.004962485,0.206229259
0.022713698,0.023566745,0.013889352,0.189174861,0.000243591,0.189418452
0.020607062,0.025414147,0.012299182,0.194672599,0.018096063,0.212768662
0.022043856,0.025448835,0.009908882,0.096208014,0.006114696,0.10232271
0.023288097,0.022854704,0.01656015,0.114719719,-0.009615266,0.105104453
0.022200944,0.023300175,0.016111676,-0.097802341,-0.000296419,-0.09809876
0.02200339,0.022860818,0.015989125,-0.109585643,-0.011291768,-0.120877411
0.023260437,0.021868279,0.015855053,0.095564105,-0.004371074,0.091193031
0.022819398,0.018318508,0.017889289,-0.052519117,0.008843715,-0.043675402
0.022995675,0.018086927,0.018366324,-0.039652959,-0.012581485,-0.052234444
0.022522474,0.018012282,0.018930871,-0.113872051,-0.005712884,-0.119584935
0.022523189,0.018041315,0.019422758,-0.11929176,-0.000216305,-0.119508065
0.022882642,0.01737777,0.019263577,-0.071561657,0.00366263,-0.067899027
0.022458792,0.01796918,0.020647269,-0.102883339,-0.004015529,-0.106898868
0.022896797,0.017127795,0.019836398,-0.067668662,-0.007269514,-0.074938176
0.021476353,0.016882276,0.020688403,-0.083553672,-0.009476651,-0.093030323
0.022692718,0.016269477,0.021651195,-0.038690068,0.00664266,-0.032047408
0.021079551,0.015813127,0.022697041,-0.03760929,0.012082696,-0.025526594
0.022601672,0.016658803,0.02244338,-0.021132818,-0.007175537,-0.028308355
0.022322821,0.017187001,0.022249095,-0.045605362,0.001928133,-0.043677229
0.022413254,0.017711567,0.022361191,-0.040517915,-0.005512382,-0.046030297
0.020858195,0.015149375,0.02294429,-0.031955469,-0.011862477,-0.043817946
0.020699799,0.015542187,0.023099894,-0.030151511,-0.007912541,-0.038064052
0.019947859,0.015633114,0.023611698,-0.016836533,-0.013887529,-0.030724062
0.011521662,0.019985706,0.01665261,0.071451932,0.010891851,0.082343783
0.011918038,0.020813681,0.016213862,-0.051777065,-0.003391933,-0.055168998
0.013674545,0.020969668,0.017004937,-0.314950347,0.003178396,-0.311771951
0.012516698,0.020402482,0.015599892,-0.074977957,-0.001649069,-0.076627026
0.011069744,0.021537919,0.015302572,0.121149898,-0.004897028,0.11625287
0.011831239,0.019520577,0.015334948,0.064785898,-0.011361086,0.053424812
0.01130309,0.022054121,0.015643735,0.098677717,-0.024264228,0.074413489
0.011266124,0.022214033,0.015631743,0.106690221,-0.003542991,0.10314723
0.01096979,0.021227408,0.01474023,0.14247179,0.013793475,0.156265265
0.011848878,0.022742024,0.01680186,-0.119065672,-0.007133269,-0.126198941
0.010902984,0.022536544,0.016361611,0.132718846,-0.021470601,0.111248245
0.012092147,0.02264826,0.015304178,-0.14068985,0.001555292,-0.139134558
0.01185798,0.023119262,0.016457846,-0.128667712,0.005679215,-0.122988497
0.01117922,0.022453876,0.015213545,0.113788545,-0.002507235,0.11128131
0.014083908,0.023093563,0.014937067,-0.195646062,0.003433661,-0.192212401
0.011278332,0.022534711,0.015083319,0.096836984,-0.003638045,0.093198939
0.010931356,0.022826152,0.015406334,0.071375929,-0.000539891,0.070836038
0.011251831,0.021836806,0.014376155,0.142730132,-0.002658733,0.140071399
0.013917875,0.023775837,0.014650894,-0.180208653,0.011103592,-0.169105061
0.011428378,0.022370333,0.014289443,0.116692767,0.000229489,0.116922256
0.011600889,0.022316381,0.014017499,0.105225205,-0.005003267,0.100221938
0.010816339,0.022327855,0.01406361,0.129372776,0.009830696,0.139203472
0.011129405,0.02135719,0.013621162,0.191418603,-0.001277144,0.190141459
0.011235578,0.02124837,0.013265939,0.21076116,-0.003066183,0.207694977
0.013696684,0.022553772,0.012691039,0.034673858,0.005591448,0.040265306
0.011505615,0.024066646,0.014649441,-0.080364354,0.00629092,-0.074073434
0.011172845,0.022885531,0.013540338,0.149346963,-0.006364009,0.142982954
0.010683465,0.023040367,0.014004554,0.070203878,-0.00423161,0.065972268
0.012025279,0.022308132,0.012647737,0.19643271,0.007674156,0.204106866
0.010594292,0.023148792,0.013704337,0.060941912,0.001643168,0.06258508
0.011623092,0.023605296,0.012870835,0.159227997,-0.019747476,0.139480521
0.011143222,0.023902647,0.012563788,0.181741461,8.14E-05,0.181822886
0.012431073,0.019470884,0.016929695,-0.095033005,0.004026537,-0.091006468
0.014015272,0.020811176,0.014503055,-0.08963827,0.013174108,-0.076464162
0.012036575,0.01988901,0.013262961,0.181826949,0.006721457,0.188548406
0.01438981,0.022590661,0.017269775,-0.408473551,0.006955683,-0.401517868
0.012749492,0.017963799,0.017260561,-0.043502707,0.015963167,-0.02753954
0.013172805,0.018150324,0.016774725,-0.091720164,-0.000359789,-0.092079953
0.014818762,0.019050319,0.016915228,-0.221496463,0.000369926,-0.221126537
0.011835118,0.018997302,0.015236329,0.0732648,0.016977562,0.090242362
0.013091204,0.017334774,0.016621269,-0.050276216,0.006554249,-0.043721967
0.01351992,0.018639505,0.015582983,-0.096558899,0.004720008,-0.091838891
0.014414966,0.017191494,0.017593877,-0.094573088,0.009551953,-0.085021135
0.014982668,0.017433092,0.017972391,-0.113348156,0.002366495,-0.110981661
0.015008434,0.018625483,0.015484287,-0.14295727,0.005042771,-0.137914499
0.016098062,0.018224381,0.016580412,-0.151350707,0.005722349,-0.145628358
0.016918067,0.01899886,0.017176528,-0.211580053,-0.014366474,-0.225946527
0.014119078,0.016367445,0.017576071,-0.058889817,-0.00108921,-0.059979027
0.012265923,0.018299874,0.014665051,0.05482972,-0.005892615,0.048937105
0.014353127,0.017650027,0.014820033,-0.037416071,-0.000411329,-0.0378274
0.013403546,0.016908171,0.015343907,-0.026835417,-0.005492931,-0.032328348
0.015992923,0.015831815,0.016602136,-0.055633761,0.001985162,-0.053648599
0.013293319,0.017820818,0.013440087,0.056256086,-0.003861022,0.052395064
0.014481636,0.017372763,0.013259367,0.033253454,0.002358794,0.035612248
0.015450898,0.01942393,0.013998129,-0.047465269,0.004039721,-0.043425548
0.013981983,0.016847206,0.012624978,0.041895866,-0.011025609,0.030870257
0.013307191,0.017591873,0.013209885,0.056479156,-0.002855081,0.053624075
0.012691732,0.01800547,0.01326004,0.080604099,-0.008169297,0.072434802
0.011960562,0.019238759,0.014083548,0.128224865,-0.012639091,0.115585774
0.015445883,0.016641479,0.017302057,-0.08189863,-0.000821847,-0.082720477
0.016200675,0.016134238,0.018337332,-0.071939349,-0.002354045,-0.074293394
0.015720217,0.01555214,0.017516118,-0.06189866,-0.013033102,-0.074931762
0.016959682,0.015576943,0.016726933,-0.048043776,0.009596577,-0.038447199
0.015528824,0.014826136,0.017219719,-0.036890458,0.002370856,-0.034519602
0.016906267,0.014205175,0.016710114,-0.040590067,0.004301841,-0.036288226
0.016208751,0.013971169,0.016933309,-0.026151568,-0.01339986,-0.039551428
0.017472712,0.01745701,0.01804271,-0.125161201,0.003090732,-0.122070469
0.019738652,0.012105463,0.017678609,-0.020907562,-0.005726129,-0.026633691
0.018276878,0.012979641,0.021868376,-0.016055334,-0.013233759,-0.029289093
0.024187136,0.024345567,0.020909904,0.152724773,0.002289273,0.155014046
0.023177413,0.024467323,0.01954985,-0.156034663,0.004848127,-0.151186536
0.023149991,0.023184458,0.020411452,-0.117096789,-0.006102657,-0.123199446
0.022731002,0.023355408,0.019721441,-0.228381053,0.01432793,-0.214053123
0.022086265,0.024455126,0.019104332,-0.254657537,0.006650705,-0.248006832
0.021408333,0.023335092,0.020637745,-0.444069892,0.008554946,-0.435514946
0.021539029,0.024272485,0.018924264,-0.313080758,-0.002375439,-0.315456197
0.02255249,0.02304917,0.019105723,-0.202272519,0.001965784,-0.200306735
0.023818703,0.024084384,0.018466145,0.140745252,-0.009218848,0.131526404
0.022403004,0.024288632,0.018183414,-0.186003655,0.006341204,-0.179662451
0.021578677,0.024383344,0.018034596,-0.242796034,0.006722224,-0.23607381
0.022965988,0.023919798,0.017972371,-0.067323178,0.009311421,-0.058011757
0.022899054,0.023544271,0.018027451,-0.06193985,0.008281556,-0.053658294
0.019618299,0.023600584,0.021484043,-0.430505723,0.002629675,-0.427876048
0.020015273,0.023471694,0.018611835,-0.424270838,0.002758613,-0.421512225
0.020974975,0.022034278,0.018373895,-0.350223571,-0.005564559,-0.35578813
0.021637103,0.02313159,0.017091038,-0.205771372,0.006435733,-0.199335639
0.022319598,0.022263601,0.017413784,-0.132864177,0.000465753,-0.132398424
0.021887548,0.022254931,0.017122909,-0.193007335,0.002379054,-0.190628281
0.023112563,0.021750331,0.017848022,0.032094449,0.003838544,0.035932993
0.021019699,0.020346327,0.018538741,-0.235282794,-0.001600774,-0.236883568
0.023188271,0.021887368,0.017040473,0.065278567,-0.013493929,0.051784638
0.022404939,0.020037238,0.018249493,-0.159663796,-0.00965426,-0.169318056
0.023040395,0.021072308,0.016753111,0.01956383,0.00957279,0.02913662
0.022293646,0.019415481,0.017743358,-0.141880468,0.008049238,-0.13383123
0.022892211,0.019090405,0.017986,-0.038953878,0.003018546,-0.035935332
0.022695176,0.019679997,0.016787699,-0.061210282,-0.003561793,-0.064772075
0.020582046,0.023846448,0.016232429,-0.202154517,0.014507338,-0.187647179
0.020456627,0.023452336,0.016081231,-0.193265378,-0.001147125,-0.194412503
0.019174697,0.023137599,0.020475188,-0.442559153,0.00337455,-0.439184603
0.019820834,0.02237373,0.019581271,-0.396365404,0.002296927,-0.394068477
0.019922072,0.022104221,0.021355391,-0.424437821,-0.002680976,-0.427118797
0.022221813,0.020789342,0.01589172,-0.067562752,-0.002283494,-0.069846246
0.02237889,0.02065794,0.01652536,-0.083521456,-0.011883185,-0.095404641
0.015047299,0.027694684,0.008609686,0.136264592,0.00787982,0.144144412
0.014239541,0.02801132,0.009745595,0.128760576,-0.013672857,0.115087719
0.015592303,0.028187705,0.009341941,0.126980498,-0.012393569,0.114586929
0.014823415,0.02758128,0.009515871,0.150771722,0.010594084,0.161365806
0.014604658,0.028269822,0.010261998,0.11707525,-0.000481437,0.116593813
0.015385266,0.02923611,0.009751624,0.080475576,0.003171348,0.083646924
0.015683515,0.027314946,0.007237576,0.059756402,-0.004994303,0.054762099
0.016863367,0.028958991,0.007984794,0.054403875,0.002424466,0.056828341
0.016178498,0.026845584,0.007507978,0.071433283,0.014455426,0.085888709
0.016799917,0.027631685,0.007870782,0.087524973,-0.004101518,0.083423455
0.016145557,0.02587455,0.00838963,0.189529389,-0.014369835,0.175159554
0.014090487,0.027757729,0.011715,0.096002884,-0.014776372,0.081226512
0.015707614,0.027172217,0.010830568,0.150521919,-0.000489265,0.150032654
0.016546097,0.027423635,0.010542276,0.15602164,-0.00580612,0.15021552
0.016370324,0.026641252,0.010580902,0.178877071,-0.006169941,0.17270713
0.017359929,0.026290428,0.009277682,0.200823635,0.001266928,0.202090563
0.016691301,0.026218165,0.010359661,0.196321011,-0.00328842,0.193032591
0.016233092,0.026320616,0.010904762,0.175510049,-0.004445174,0.171064875
0.017571028,0.02598148,0.009262248,0.209412485,-0.001914432,0.207498053
0.013709241,0.026213205,0.012586504,0.078203172,-0.001581636,0.076621536
0.014066967,0.025553506,0.012199472,0.115363292,-0.005547273,0.109816019
0.018042056,0.026203312,0.010256606,0.203268185,-0.001919608,0.201348577
0.017303655,0.026588848,0.011430884,0.152931556,0.001762269,0.154693825
0.016358452,0.025053995,0.00742014,0.068620034,-0.007481988,0.061138046
0.017994583,0.025629086,0.010972179,0.202055827,0.009525218,0.211581045
0.015300313,0.023380024,0.007681117,0.050364558,-0.002329696,0.048034862
0.01472347,0.024436144,0.007934509,0.132801935,0.018311204,0.151113139
0.014604715,0.023767257,0.008712387,0.207511932,-0.003367202,0.20414473
0.013739562,0.02490438,0.008988331,0.20205766,0.005334438,0.207392098
0.013614747,0.025447507,0.008816402,0.184583664,0.002614469,0.187198133
0.0137134,0.02577804,0.007819078,0.092875645,-0.001271658,0.091603987
0.013353011,0.02598775,0.008227863,0.121489361,-0.002741033,0.118748328
0.012886536,0.025461989,0.008588593,0.133102983,0.007208802,0.140311785
0.013042241,0.027902208,0.009429612,0.126342312,-0.012064529,0.114277783
0.012626697,0.02809941,0.007976232,0.066308238,-0.004741874,0.061566364
0.020267079,0.03041663,0.017548464,0.020412175,0.004874322,0.025286497
0.020164928,0.028016793,0.015954219,-0.059021089,-0.003784581,-0.06280567
0.018336512,0.028198583,0.016928269,-0.144913793,0.010829525,-0.134084268
0.019443542,0.026819652,0.015883021,-0.126723796,0.000256987,-0.126466809
0.018144751,0.030303942,0.015486686,0.023737513,0.005019654,0.028757167
0.017725164,0.027230009,0.014533863,-0.041393925,-0.008876972,-0.050270897
0.018401826,0.026503405,0.015089181,-0.103740238,0.01166966,-0.092070578
0.019060433,0.027022595,0.01328199,0.056877136,-0.002990172,0.053886964
0.017563729,0.02699958,0.014192502,-0.027934268,-0.001424045,-0.029358313
0.019991299,0.027289402,0.012640741,0.130767047,-0.001821896,0.128945151
0.019810164,0.024787664,0.017466046,-0.350454777,0.017105337,-0.33334944
0.017370008,0.026199773,0.015297527,-0.130296394,0.004721392,-0.125575002
0.018925261,0.02732062,0.011748219,0.146584928,0.013095684,0.159680612
0.019895246,0.024148347,0.016720902,-0.249304473,0.00251433,-0.246790143
0.01678892,0.026278094,0.013927287,-0.036831524,0.005434644,-0.03139688
0.019144662,0.027014747,0.011248506,0.171443582,0.008618641,0.180062223
0.015603437,0.027816702,0.016824016,-0.236231327,0.002897943,-0.233333384
0.017216185,0.02579461,0.018015236,-0.41991204,-0.000440822,-0.420352862
0.023170704,0.029576926,0.016164348,-0.027729644,-0.012682193,-0.040411837
0.017143259,0.020315042,0.015094206,-0.217908308,-0.007783283,-0.225691591
0.017522005,0.022130601,0.015272575,-0.221095204,0.00099901,-0.220096194
0.014757267,0.023277523,0.014442119,-0.161597282,-0.001536129,-0.163133411
0.015384209,0.023810754,0.015953638,-0.235933647,0.010574177,-0.22535947
0.018013414,0.022689967,0.015172253,-0.20986715,-0.002209378,-0.212076528
0.017329786,0.020405088,0.013697173,-0.058830284,-0.002542632,-0.061372916
0.015249949,0.022587206,0.012699235,0.039669443,0.004385763,0.044055206
0.015404154,0.021868004,0.012296003,0.103910401,0.007745521,0.111655922
0.016121421,0.019049745,0.012292006,0.112464465,0.01156528,0.124029745
0.015714224,0.021791374,0.011993655,0.144257545,-0.009065914,0.135191631
0.017627996,0.020328373,0.012823151,0.04875575,-0.007141007,0.041614743
0.018190745,0.02313517,0.013307208,0.018279983,0.006899522,0.025179505
0.015825747,0.024795437,0.013409908,-0.031233767,0.002245679,-0.028988088
0.016332887,0.023619033,0.011977831,0.145891786,0.0050688,0.150960586
0.015413532,0.021921553,0.010928587,0.275950581,0.001708505,0.277659086
0.014907489,0.023374906,0.010961078,0.268925011,0.005138129,0.27406314
0.016046897,0.024443042,0.011495631,0.188727975,-0.016006201,0.172721774
0.018254474,0.024799371,0.012397529,0.106583819,0.001982445,0.108566264
0.016726503,0.023515103,0.010327234,0.269377708,-0.008822679,0.260555029
0.018619949,0.024819395,0.010758517,0.233454838,-0.005240544,0.228214294
0.01322631,0.023130251,0.012086413,0.180200458,-0.000641787,0.179558671
0.01389724,0.024046682,0.008620248,0.176777631,-0.001761974,0.175015657
0.013356811,0.024626382,0.009377284,0.227064535,0.006710072,0.233774607
0.01242153,0.024551798,0.009918659,0.246094495,-0.007485334,0.238609161
0.011920334,0.023010578,0.009369714,0.102168307,0.004789813,0.10695812
0.011250358,0.023037382,0.009792362,0.038426556,0.007219085,0.045645641
0.010504447,0.022932787,0.011879695,0.075597346,-0.009030524,0.066566822
0.014721049,0.021485865,0.014927629,-0.156352088,-0.005587243,-0.161939331
0.013102992,0.023014154,0.011442632,0.266110718,-0.001181843,0.264928875
0.012765422,0.022945467,0.010343664,0.274324238,-0.006289551,0.268034687
0.01275005,0.022752568,0.009103967,0.139580816,0.007006808,0.146587624
0.011038849,0.021825887,0.010712439,-0.016492976,-0.009775281,-0.026268257
0.015929984,0.022858052,0.019967632,-0.44343394,-0.009819249,-0.453253189
0.016688785,0.023409575,0.019016206,-0.430280179,-0.002087826,-0.432368005
0.015634848,0.022788867,0.017117538,-0.43222779,-0.016663838,-0.448891628
0.016117528,0.021507977,0.01984901,-0.401874423,0.005386054,-0.396488369
0.016891547,0.022963839,0.02053263,-0.44728446,0.011930761,-0.435353699
0.015371316,0.020387314,0.020300679,-0.354956657,0.003809632,-0.351147025
0.014816426,0.020105973,0.018584194,-0.320635915,0.003793276,-0.316842639
0.017441895,0.022195879,0.019849593,-0.414225638,-0.006772154,-0.420997792
0.018141558,0.0237992,0.018112255,-0.432396352,-0.004108304,-0.436504656
0.017902874,0.023951838,0.020817502,-0.441574395,0.006994757,-0.434579638
0.016464375,0.020486914,0.019848395,-0.338728487,-0.013643731,-0.352372218
0.016166026,0.020307206,0.021316508,-0.360011756,0.012336273,-0.347675483
0.017830825,0.020999573,0.019690974,-0.351663709,0.007642399,-0.34402131
0.017582666,0.020643078,0.019745641,-0.330971271,-0.008788025,-0.339759296
0.017195275,0.020341167,0.017910158,-0.306003124,0.011099843,-0.294903281
0.018854937,0.023084479,0.016799912,-0.369705468,0.011979027,-0.357726441
0.018545691,0.021917267,0.021809818,-0.426518649,-0.009343842,-0.435862491
0.018249273,0.021739585,0.016481614,-0.36731872,-8.34E-05,-0.367402152
0.016621128,0.018696018,0.021215564,-0.182629928,0.012787471,-0.169842457
0.0179909,0.019683525,0.021462822,-0.264658034,-0.011297802,-0.275955836
0.018734887,0.01981988,0.019071002,-0.256632507,-0.000161366,-0.256793873
0.01822862,0.018935051,0.019099843,-0.205729038,0.01520573,-0.190523308
0.018143293,0.018126786,0.018525781,-0.158021584,-0.001903176,-0.15992476
0.01886873,0.017345119,0.019052818,-0.119014159,-0.000851037,-0.119865196
0.016624615,0.022788866,0.016693875,-0.414473712,0.004901792,-0.40957192
0.018463146,0.020120617,0.016721243,-0.276190788,-0.002782031,-0.278972819
0.019410335,0.017963797,0.018410938,-0.141016334,0.005797061,-0.135219273
0.018814741,0.017684281,0.021917444,-0.076160103,0.002620834,-0.073539269
0.016268646,0.020832004,0.0218629,-0.38990292,-0.006398809,-0.396301729
0.015521506,0.022020202,0.021838071,-0.395246625,0.007910005,-0.38733662
0.017414767,0.022301791,0.023931019,0.071893036,0.00248388,0.074376916
0.018578421,0.023203664,0.0218112,-0.43413344,-0.00628955,-0.44042299
0.019414719,0.018080447,0.017481644,-0.138698786,0.002971084,-0.135727702
0.019720696,0.017560307,0.016166633,-0.092413157,-0.005042087,-0.097455244
0.020073982,0.017651273,0.015866449,-0.082962699,-0.004051218,-0.087013917
0.020804171,0.019209689,0.017234908,-0.160953969,0.003899445,-0.157054524
0.021064024,0.018200439,0.016133113,-0.091571443,0.014691113,-0.07688033
0.021335332,0.01780317,0.015717119,-0.067398749,-0.007276326,-0.074675075
0.022129491,0.017742477,0.017215515,-0.095467344,0.00714879,-0.088318554
0.021241099,0.017653953,0.01474762,-0.032648895,0.004326759,-0.028322136
0.02041875,0.019931333,0.015154691,-0.115785018,-0.012768601,-0.128553619
0.022257781,0.017636593,0.015853806,-0.050645925,0.004509668,-0.046136257
0.021645097,0.019037077,0.014935166,-0.042849906,-0.003506434,-0.04635634
0.022314306,0.019175192,0.016610598,-0.097287081,0.002894148,-0.094392933
0.022575514,0.019120194,0.015723584,-0.042210031,0.002313635,-0.039896396
0.022764504,0.019034704,0.016799348,-0.033950575,-0.008708116,-0.042658691
0.023099745,0.018196462,0.015108529,0.033961497,0.003682439,0.037643936
0.023194352,0.018005787,0.014233848,0.04774414,-0.005005993,0.042738147
0.023249919,0.017019177,0.014558267,0.02915474,0.003827422,0.032982162
0.022867408,0.018577687,0.012858871,0.08498887,0.009824636,0.094813506
0.023099762,0.020126522,0.014572881,0.080830514,0.007178888,0.088009402
0.023392856,0.018831255,0.013071956,0.059590597,-0.002155237,0.05743536
0.021673828,0.018008206,0.0129278,0.046802484,-0.004723167,0.042079317
0.021174805,0.018130606,0.012834103,0.042450611,0.003207819,0.04565843
0.013986236,0.01706869,0.011758552,0.066234052,-0.009288396,0.056945656
0.014210284,0.017013792,0.010547021,0.041092597,-0.004881513,0.036211084
0.013055423,0.018196037,0.012265102,0.107874773,0.004891394,0.112766167
0.015603825,0.018230079,0.011454002,0.110022001,0.004852398,0.114874399
0.015433428,0.018659605,0.011270401,0.132966802,-0.007473689,0.125493113
0.015013514,0.017721063,0.010131111,0.087711155,-0.006464634,0.081246521
0.013547944,0.019334309,0.011675271,0.168976992,-0.001929844,0.167047148
0.014999708,0.019044859,0.010408537,0.152216524,-0.003624589,0.148591935
0.013060662,0.018837418,0.011076348,0.136644766,-0.006444182,0.130200584
0.013194273,0.019731762,0.013184341,0.135799125,0.00609763,0.141896755
0.013752789,0.019858398,0.011105325,0.19777298,-0.00046282,0.19731016
0.013862326,0.019615663,0.010406841,0.177738309,0.003156487,0.180894796
0.014452747,0.01879759,0.009523145,0.102835581,-0.011961843,0.090873738
0.012636271,0.020070462,0.011658258,0.210523158,-0.005786036,0.204737122
0.013379914,0.020802269,0.011751909,0.243467018,0.002029067,0.245496085
0.014059122,0.020008579,0.009855289,0.17664139,-0.008750475,0.167890915
0.015084268,0.020073509,0.009261251,0.144080505,0.00132384,0.145404345
0.013039847,0.019784015,0.009776003,0.10280811,0.000613446,0.103421556
0.014048065,0.02206932,0.010997473,0.284555942,0.006569566,0.291125508
0.014262647,0.020723628,0.009221205,0.156706169,-0.0042172,0.152488969
0.013149725,0.021507451,0.010311108,0.250017405,-0.00133102,0.248686385
0.014316642,0.021792498,0.009440586,0.225918397,0.008586015,0.234504412
0.012452174,0.020480974,0.009536643,-0.019666502,-0.007683172,-0.027349674
0.014361295,0.02237347,0.009346983,0.236210331,0.000735755,0.236946086
0.014600327,0.021069594,0.008226784,-0.01807043,-0.016273585,-0.034344015
0.013740987,0.022526657,0.009222585,0.217429981,-0.00248164,0.214948341
0.01341702,0.022363938,0.008912605,0.139018029,0.005392846,0.144410875
0.01418608,0.023091564,0.008760082,0.188728645,-0.004348054,0.184380591
0.011175314,0.022306752,0.011724453,0.195316166,-0.004628156,0.19068801
0.016596118,0.018141998,0.011495443,0.101393677,0.0040143,0.105407977
0.016186485,0.017452119,0.00906032,0.029551959,0.006097709,0.035649668
0.012281302,0.022133589,0.012553679,0.189506456,0.001177369,0.190683825
0.014787587,0.023071785,0.008467686,0.182181001,0.003821237,0.186002238
0.013988065,0.019598942,0.022944532,0.164849311,0.006398572,0.171247883
0.015512545,0.021367436,0.023803286,0.032884117,0.001767564,0.034651681
0.013811907,0.020278441,0.023353437,0.204473108,-0.017992075,0.186481033
0.013827426,0.020419937,0.023513066,0.201404959,0.026841692,0.228246651
0.015422237,0.021670891,0.024519937,0.257212698,-0.000540816,0.256671882
0.01473638,0.021365617,0.024140922,0.230680898,-0.000246809,0.230434089
0.01554796,0.021385452,0.02519281,0.315453678,-0.004790893,0.310662785
0.013437396,0.020918747,0.023445565,0.209500313,0.005472971,0.214973284
0.015586418,0.021378826,0.025470626,0.19725129,-0.00495605,0.19229524
0.014140762,0.021386458,0.024479665,0.214714572,-0.002441158,0.212273414
0.015184377,0.022620063,0.025695948,0.098868303,-0.00027367,0.098594633
0.017497202,0.022891676,0.025876328,0.341908157,-0.002412449,0.339495708
0.017281143,0.022719787,0.026513439,0.069109477,-0.007132747,0.06197673
0.012560307,0.021176962,0.022721918,0.191860393,0.007270813,0.199131206
0.011368268,0.022839027,0.020051332,0.190356076,-0.006372324,0.183983752
0.010796606,0.023187691,0.020095173,0.136700809,-0.000830371,0.135870438
0.0117659,0.022162037,0.021705583,0.236746073,0.005379487,0.24212556
0.012727996,0.02131729,0.023095716,0.186814949,0.006815223,0.193630172
0.01165188,0.023643378,0.019254429,0.048898723,0.001694458,0.050593181
0.010891476,0.023513002,0.019656461,0.185035512,4.77E-05,0.185083211
0.010973126,0.023765948,0.02031224,0.180277869,0.006007909,0.186285778
0.011596209,0.025362182,0.019547615,0.052497298,0.011065108,0.063562406
0.01125236,0.023698492,0.021631753,0.17779398,-0.000764775,0.177029205
0.010707039,0.024337133,0.020899316,0.035447199,0.004291547,0.039738746
0.010803603,0.026252959,0.020674363,-0.026647059,-0.010772012,-0.037419071
0.01715914,0.029964363,0.016460283,0.027225884,0.003805943,0.031031827
0.016642479,0.028850168,0.016987911,-0.320202589,0.000103427,-0.320099162
0.016339198,0.029457882,0.017255092,-0.341516733,-0.011561738,-0.353078471
0.015774088,0.029492311,0.016803533,-0.053314257,0.001569465,-0.051744792
0.016146321,0.029766958,0.017103137,-0.331292778,-0.011481979,-0.342774757
0.015568131,0.029195514,0.017147176,-0.30844757,0.010456242,-0.297991328
0.015409748,0.028675893,0.017165588,-0.328508228,-0.009126295,-0.337634523
0.015831467,0.028819358,0.018104978,-0.375183493,-0.009247489,-0.384430982
0.015532099,0.029527681,0.017236067,-0.324581742,-0.011707513,-0.336289255
0.015927799,0.029296976,0.017960345,-0.365889549,-0.000648094,-0.366537643
0.015692057,0.029520161,0.01764377,-0.348679483,-0.005597681,-0.354277164
0.015928689,0.029455252,0.018058615,-0.36720553,0.004769157,-0.362436373
0.015203552,0.028892133,0.018005973,-0.359970093,-0.006736895,-0.366706988
0.015557019,0.029135609,0.018315872,-0.37122345,-0.00767891,-0.37890236
0.015530866,0.02887157,0.018710848,-0.389358729,0.010192854,-0.379165875
0.014861954,0.028507201,0.018621383,-0.372853965,0.000584806,-0.372269159
0.014060468,0.028522424,0.018380867,-0.27158013,0.003972854,-0.267607276
0.014272494,0.028111566,0.018880025,-0.371678889,-0.001374217,-0.373053106
0.014485678,0.029431745,0.017983833,-0.203638852,-0.002030873,-0.205669725
0.014057556,0.028735602,0.018686675,-0.308166325,0.003102736,-0.305063589
0.014748188,0.028562026,0.019642513,-0.401880383,-0.001203306,-0.403083689
0.01523207,0.029098941,0.019182207,-0.388120443,-0.002399942,-0.390520385
0.013597197,0.028835315,0.018837214,-0.047984727,-0.003011321,-0.050996048
0.014292537,0.029371515,0.018822124,-0.337169856,0.009973527,-0.327196329
0.013746543,0.028900713,0.01966762,-0.331390709,0.007741611,-0.323649098
0.01406739,0.028759614,0.019974003,-0.384699136,-0.003290502,-0.387989638
0.016646517,0.029267022,0.018176667,-0.384291708,-0.005292608,-0.389584316
0.013309981,0.029457221,0.019098107,0.03433631,0.007883297,0.042219607
0.012836207,0.028990464,0.020007584,0.030923344,-0.001468034,0.02945531
0.016574511,0.028339522,0.018450648,-0.403199613,0.006552294,-0.396647319
0.016931703,0.02848962,0.017855687,-0.381816804,0.005155347,-0.376661457
0.017001309,0.028718785,0.016872307,-0.270141959,-0.002518179,-0.272660138
0.012638701,0.030807925,0.011815678,0.025658634,0.006218286,0.03187692
0.012422483,0.031351384,0.011376049,0.032090429,-0.002179652,0.029910777
0.01277287,0.028522935,0.010597483,0.097214282,0.00079809,0.098012372
0.012179351,0.027952209,0.010393028,0.117751859,0.007701282,0.125453141
0.01199366,0.030702682,0.010122375,0.04657726,0.013565731,0.060142991
0.013828517,0.029804306,0.011313075,0.037363231,0.012026917,0.049390148
0.013003397,0.030334834,0.009830507,0.064586565,0.002219011,0.066805576
0.012629641,0.031012699,0.00994775,0.037556198,0.002019033,0.039575231
0.014428375,0.02985665,0.009801193,0.057729222,0.001976279,0.059705501
0.012253846,0.030295311,0.008982359,0.055906363,0.004865538,0.060771901
0.012460833,0.030230004,0.008939275,0.06710761,-0.003998008,0.063109602
0.014473422,0.030282699,0.009870227,0.044546049,-0.007045872,0.037500177
0.01311281,0.030245068,0.008721578,0.073728226,0.00052263,0.074250856
0.012537762,0.030929638,0.00908119,0.03864228,-0.00415391,0.03448837
0.013497715,0.030607306,0.008609047,0.06474068,-0.002030404,0.062710276
0.012582989,0.030275393,0.00825181,0.034118164,0.011905859,0.046024023
0.012622244,0.031566363,0.009074243,0.025564082,-0.000297589,0.025266493
0.012892643,0.028518105,0.007549509,0.043429405,0.005140036,0.048569441
0.014892298,0.031127811,0.009250821,0.028656779,0.010860025,0.039516804
0.013766781,0.031536151,0.008484413,0.030802695,0.004982879,0.035785574
0.014697027,0.031182544,0.008738803,0.033752229,0.001234485,0.034986714
0.014632598,0.030540008,0.00782301,0.053632155,-0.006252492,0.047379663
0.015563861,0.029946666,0.010418133,0.043924253,-0.005650981,0.038273272
0.014097286,0.028479183,0.007626478,0.087100901,-0.000199715,0.086901186
0.012589958,0.027981378,0.009777237,0.121386021,0.009220604,0.130606625
0.01413885,0.029110294,0.007884652,0.087551005,-0.001465407,0.086085598
0.015289603,0.030438347,0.007759458,0.045237925,-0.00234242,0.042895505
0.014613112,0.029050052,0.008511631,0.090521358,0.001130308,0.091651666
0.015710151,0.030734289,0.00772908,0.028074425,-0.002402708,0.025671717
0.015595404,0.029427417,0.008213503,0.071971804,0.000826921,0.072798725
0.016324027,0.030312747,0.008562688,0.045459528,-0.003368375,0.042091153
0.015444557,0.03112429,0.009582289,0.025894638,0.018852238,0.044746876
